{
  "assignments": [
    {
      "assigned": "2018-12-10T00:00:00.000-05:00",
      "category": "FCR",
      "due": "2019-01-07T00:00:00.000-05:00",
      "isCustomAssignment": false,
      "isEditedAssignment": false,
      "lastModified": "2018-12-10T00:00:00.000-05:00",
      "markingPeriodId": "462",
      "maxGrade": 50,
      "name": "Book Check #4",
      "percentGrade": -1,
      "status": "NOT_GRADED",
      "studentGrade": -1.0
    },
    {
      "assigned": "2018-12-14T00:00:00.000-05:00",
      "category": "Writing Assignments and Projects",
      "due": "2018-12-17T00:00:00.000-05:00",
      "isCustomAssignment": false,
      "isEditedAssignment": false,
      "lastModified": "2018-12-14T00:00:00.000-05:00",
      "markingPeriodId": "462",
      "maxGrade": 75,
      "name": "Influential Character Paragraph and Baseball Card",
      "percentGrade": -1,
      "status": "NOT_GRADED",
      "studentGrade": -1.0
    },
    {
      "assigned": "2018-12-11T00:00:00.000-05:00",
      "category": "Writing Assignments and Projects",
      "due": "2018-12-14T00:00:00.000-05:00",
      "isCustomAssignment": false,
      "isEditedAssignment": false,
      "lastModified": "2018-12-14T09:06:00.000-05:00",
      "letterGrade": "A-",
      "markingPeriodId": "462",
      "maxGrade": 20,
      "name": "New Year\u0027s Resolution Mini Poster",
      "percentGrade": 90,
      "status": "GRADED",
      "studentGrade": 18.0
    },
    {
      "assigned": "2018-12-11T00:00:00.000-05:00",
      "category": "Quizzes and Reading Comprehension",
      "due": "2018-12-13T00:00:00.000-05:00",
      "isCustomAssignment": false,
      "isEditedAssignment": false,
      "lastModified": "2018-12-14T08:10:00.000-05:00",
      "letterGrade": "A",
      "markingPeriodId": "462",
      "maxGrade": 24,
      "name": "Stave 4 and 5 Quiz",
      "percentGrade": 96,
      "status": "GRADED",
      "studentGrade": 23.0
    },
    {
      "assigned": "2018-11-14T00:00:00.000-05:00",
      "category": "Homework/Classwork",
      "due": "2018-12-13T00:00:00.000-05:00",
      "isCustomAssignment": false,
      "isEditedAssignment": false,
      "lastModified": "2018-12-13T14:16:00.000-05:00",
      "letterGrade": "A+",
      "markingPeriodId": "462",
      "maxGrade": 20,
      "name": "Holiday Card",
      "percentGrade": 100,
      "status": "GRADED",
      "studentGrade": 20.0
    },
    {
      "assigned": "2018-12-11T00:00:00.000-05:00",
      "category": "Responsibility",
      "due": "2018-12-11T00:00:00.000-05:00",
      "isCustomAssignment": false,
      "isEditedAssignment": false,
      "lastModified": "2018-12-12T12:02:00.000-05:00",
      "letterGrade": "A+",
      "markingPeriodId": "462",
      "maxGrade": 10,
      "name": "Christmas Carol book Check #2",
      "percentGrade": 100,
      "status": "GRADED",
      "studentGrade": 10.0
    },
    {
      "assigned": "2018-12-06T00:00:00.000-05:00",
      "category": "Quizzes and Reading Comprehension",
      "due": "2018-12-11T00:00:00.000-05:00",
      "isCustomAssignment": false,
      "isEditedAssignment": false,
      "lastModified": "2018-12-12T11:55:00.000-05:00",
      "letterGrade": "A-",
      "markingPeriodId": "462",
      "maxGrade": 22,
      "name": "TFK - America Votes",
      "percentGrade": 91,
      "status": "GRADED",
      "studentGrade": 20.0
    },
    {
      "assigned": "2018-12-10T00:00:00.000-05:00",
      "category": "FCR",
      "due": "2018-12-10T00:00:00.000-05:00",
      "isCustomAssignment": false,
      "isEditedAssignment": false,
      "lastModified": "2018-12-11T13:38:00.000-05:00",
      "letterGrade": "A+",
      "markingPeriodId": "462",
      "maxGrade": 10,
      "name": "Book Check #3 Responsibility",
      "percentGrade": 100,
      "status": "GRADED",
      "studentGrade": 10.0
    },
    {
      "assigned": "2018-12-06T00:00:00.000-05:00",
      "category": "Homework/Classwork",
      "due": "2018-12-10T00:00:00.000-05:00",
      "isCustomAssignment": false,
      "isEditedAssignment": false,
      "lastModified": "2018-12-06T15:05:00.000-05:00",
      "letterGrade": "A+",
      "markingPeriodId": "462",
      "maxGrade": 10,
      "name": "Celebration worksheet",
      "percentGrade": 100,
      "status": "GRADED",
      "studentGrade": 10.0
    },
    {
      "assigned": "2018-12-03T00:00:00.000-05:00",
      "category": "Quizzes and Reading Comprehension",
      "due": "2018-12-10T00:00:00.000-05:00",
      "isCustomAssignment": false,
      "isEditedAssignment": false,
      "lastModified": "2018-12-12T14:45:00.000-05:00",
      "letterGrade": "B-",
      "markingPeriodId": "462",
      "maxGrade": 36,
      "name": "Stave 3 Quiz",
      "percentGrade": 81,
      "status": "GRADED",
      "studentGrade": 29.0
    },
    {
      "assigned": "2018-11-02T00:00:00.000-04:00",
      "category": "FCR",
      "due": "2018-12-10T00:00:00.000-05:00",
      "isCustomAssignment": false,
      "isEditedAssignment": false,
      "lastModified": "2018-11-02T00:00:00.000-04:00",
      "markingPeriodId": "462",
      "maxGrade": 40,
      "name": "Book Information Mini Poster #2",
      "percentGrade": -1,
      "status": "NOT_GRADED",
      "studentGrade": -1.0
    },
    {
      "assigned": "2018-11-02T00:00:00.000-04:00",
      "category": "FCR",
      "due": "2018-12-10T00:00:00.000-05:00",
      "isCustomAssignment": false,
      "isEditedAssignment": false,
      "lastModified": "2018-12-11T13:38:00.000-05:00",
      "letterGrade": "A+",
      "markingPeriodId": "462",
      "maxGrade": 50,
      "name": "Book Check #3",
      "percentGrade": 100,
      "status": "GRADED",
      "studentGrade": 50.0
    },
    {
      "assigned": "2018-11-26T00:00:00.000-05:00",
      "category": "Quizzes and Reading Comprehension",
      "due": "2018-12-07T00:00:00.000-05:00",
      "isCustomAssignment": false,
      "isEditedAssignment": false,
      "lastModified": "2018-12-10T08:14:00.000-05:00",
      "letterGrade": "A",
      "markingPeriodId": "462",
      "maxGrade": 36,
      "name": "A Christmas Carol WOW Quiz",
      "percentGrade": 96,
      "status": "GRADED",
      "studentGrade": 34.5
    },
    {
      "assigned": "2018-11-26T00:00:00.000-05:00",
      "category": "Responsibility",
      "due": "2018-12-07T00:00:00.000-05:00",
      "isCustomAssignment": false,
      "isEditedAssignment": false,
      "lastModified": "2018-12-10T08:33:00.000-05:00",
      "letterGrade": "A+",
      "markingPeriodId": "462",
      "maxGrade": 20,
      "name": "Field trip Permission Slip",
      "percentGrade": 100,
      "status": "GRADED",
      "studentGrade": 20.0
    },
    {
      "assigned": "2018-12-03T00:00:00.000-05:00",
      "category": "Responsibility",
      "description": "Please bring book to class every day.",
      "due": "2018-12-03T00:00:00.000-05:00",
      "isCustomAssignment": false,
      "isEditedAssignment": false,
      "lastModified": "2018-12-03T11:29:00.000-05:00",
      "letterGrade": "A+",
      "markingPeriodId": "462",
      "maxGrade": 10,
      "name": "A Christmas Carol Book Check",
      "percentGrade": 100,
      "status": "GRADED",
      "studentGrade": 10.0
    },
    {
      "assigned": "2018-11-26T00:00:00.000-05:00",
      "category": "Homework/Classwork",
      "due": "2018-12-03T00:00:00.000-05:00",
      "isCustomAssignment": false,
      "isEditedAssignment": false,
      "lastModified": "2018-12-03T08:36:00.000-05:00",
      "letterGrade": "A+",
      "markingPeriodId": "462",
      "maxGrade": 20,
      "name": "Christmas Carol Flashcards",
      "percentGrade": 100,
      "status": "GRADED",
      "studentGrade": 20.0
    },
    {
      "assigned": "2018-11-28T00:00:00.000-05:00",
      "category": "Quizzes and Reading Comprehension",
      "due": "2018-11-30T00:00:00.000-05:00",
      "isCustomAssignment": false,
      "isEditedAssignment": false,
      "lastModified": "2018-12-04T10:57:00.000-05:00",
      "letterGrade": "B-",
      "markingPeriodId": "462",
      "maxGrade": 22,
      "name": "Stave 2 Quiz",
      "percentGrade": 82,
      "status": "GRADED",
      "studentGrade": 18.0
    },
    {
      "assigned": "2018-11-27T00:00:00.000-05:00",
      "category": "Quizzes and Reading Comprehension",
      "due": "2018-11-28T00:00:00.000-05:00",
      "isCustomAssignment": false,
      "isEditedAssignment": false,
      "lastModified": "2018-11-29T11:06:00.000-05:00",
      "letterGrade": "B",
      "markingPeriodId": "462",
      "maxGrade": 20,
      "name": "TFK - Saving the Taj Mahal",
      "percentGrade": 85,
      "status": "GRADED",
      "studentGrade": 17.0
    },
    {
      "assigned": "2018-11-26T00:00:00.000-05:00",
      "category": "Homework/Classwork",
      "due": "2018-11-27T00:00:00.000-05:00",
      "isCustomAssignment": false,
      "isEditedAssignment": false,
      "lastModified": "2018-11-28T10:56:00.000-05:00",
      "letterGrade": "B-",
      "markingPeriodId": "462",
      "maxGrade": 20,
      "name": "Stave One Activity",
      "percentGrade": 80,
      "status": "GRADED",
      "studentGrade": 16.0
    },
    {
      "assigned": "2018-11-15T00:00:00.000-05:00",
      "category": "Quizzes and Reading Comprehension",
      "due": "2018-11-27T00:00:00.000-05:00",
      "isCustomAssignment": false,
      "isEditedAssignment": false,
      "lastModified": "2018-11-29T10:56:00.000-05:00",
      "letterGrade": "A",
      "markingPeriodId": "462",
      "maxGrade": 32,
      "name": "Stave 1 Quiz",
      "percentGrade": 94,
      "status": "GRADED",
      "studentGrade": 30.0
    },
    {
      "assigned": "2018-11-20T00:00:00.000-05:00",
      "category": "Homework/Classwork",
      "description": "Write an email to Mrs. VW explaining what English assignments you worked on for 30 minutes",
      "due": "2018-11-20T00:00:00.000-05:00",
      "isCustomAssignment": false,
      "isEditedAssignment": false,
      "lastModified": "2018-11-20T14:14:00.000-05:00",
      "letterGrade": "A+",
      "markingPeriodId": "462",
      "maxGrade": 20,
      "name": "Snow Packet #2",
      "percentGrade": 100,
      "status": "GRADED",
      "studentGrade": 20.0
    },
    {
      "assigned": "2018-11-16T00:00:00.000-05:00",
      "category": "Homework/Classwork",
      "description": "Full points will be given if: \n1. You submit on time - by 9 PM on Friday, 11/16\n2. You list five specifics in your email about the reading.\n3. Your email is set up correctly",
      "due": "2018-11-16T00:00:00.000-05:00",
      "isCustomAssignment": false,
      "isEditedAssignment": false,
      "lastModified": "2018-11-19T07:48:00.000-05:00",
      "letterGrade": "A+",
      "markingPeriodId": "462",
      "maxGrade": 20,
      "name": "Snow Packet #1 Email to Mrs. VW",
      "percentGrade": 100,
      "status": "GRADED",
      "studentGrade": 20.0
    },
    {
      "assigned": "2018-11-02T00:00:00.000-04:00",
      "category": "Quizzes and Reading Comprehension",
      "due": "2018-11-16T00:00:00.000-05:00",
      "isCustomAssignment": false,
      "isEditedAssignment": false,
      "lastModified": "2018-11-19T14:50:00.000-05:00",
      "letterGrade": "A-",
      "markingPeriodId": "462",
      "maxGrade": 34,
      "name": "Stock Market WOW Quiz",
      "percentGrade": 92,
      "status": "GRADED",
      "studentGrade": 31.0
    },
    {
      "assigned": "2018-11-13T00:00:00.000-05:00",
      "category": "Homework/Classwork",
      "due": "2018-11-14T00:00:00.000-05:00",
      "isCustomAssignment": false,
      "isEditedAssignment": false,
      "lastModified": "2018-11-14T08:08:00.000-05:00",
      "letterGrade": "A+",
      "markingPeriodId": "462",
      "maxGrade": 20,
      "name": "Before the Book Questions",
      "percentGrade": 100,
      "status": "GRADED",
      "studentGrade": 20.0
    },
    {
      "assigned": "2018-11-13T00:00:00.000-05:00",
      "category": "Homework/Classwork",
      "due": "2018-11-14T00:00:00.000-05:00",
      "isCustomAssignment": false,
      "isEditedAssignment": false,
      "lastModified": "2018-11-14T08:08:00.000-05:00",
      "letterGrade": "A+",
      "markingPeriodId": "462",
      "maxGrade": 20,
      "name": "A Christmas Carol WebQuest",
      "percentGrade": 100,
      "status": "GRADED",
      "studentGrade": 20.0
    },
    {
      "assigned": "2018-11-02T00:00:00.000-04:00",
      "category": "Homework/Classwork",
      "description": "Eighteen flashcards needed.  On the front side, please write the word and draw a picture of the word.  On the backside, please write the definition and write an original sentence (meaning a sentence that you write) showing the definition through the details of your sentence.",
      "due": "2018-11-13T00:00:00.000-05:00",
      "isCustomAssignment": false,
      "isEditedAssignment": false,
      "lastModified": "2018-11-13T14:24:00.000-05:00",
      "letterGrade": "A+",
      "markingPeriodId": "462",
      "maxGrade": 20,
      "name": "Stock Market Terms Flashcards",
      "percentGrade": 100,
      "status": "GRADED",
      "studentGrade": 20.0
    },
    {
      "assigned": "2018-11-01T00:00:00.000-04:00",
      "category": "Writing Assignments and Projects",
      "due": "2018-11-09T00:00:00.000-05:00",
      "isCustomAssignment": false,
      "isEditedAssignment": false,
      "lastModified": "2018-11-26T09:09:00.000-05:00",
      "letterGrade": "A+",
      "markingPeriodId": "462",
      "maxGrade": 100,
      "name": "Writing Theme Portfolio",
      "percentGrade": 100,
      "status": "GRADED",
      "studentGrade": 100.0
    },
    {
      "assigned": "2018-11-07T00:00:00.000-05:00",
      "category": "Responsibility",
      "due": "2018-11-08T00:00:00.000-05:00",
      "isCustomAssignment": false,
      "isEditedAssignment": false,
      "lastModified": "2018-11-07T09:12:00.000-05:00",
      "letterGrade": "A+",
      "markingPeriodId": "462",
      "maxGrade": 20,
      "name": "Persuasive paragraph returned to Mrs. VW",
      "percentGrade": 100,
      "status": "GRADED",
      "studentGrade": 20.0
    },
    {
      "assigned": "2018-11-02T00:00:00.000-04:00",
      "category": "FCR",
      "due": "2018-11-02T00:00:00.000-04:00",
      "isCustomAssignment": false,
      "isEditedAssignment": false,
      "lastModified": "2018-11-08T08:16:00.000-05:00",
      "letterGrade": "A+",
      "markingPeriodId": "462",
      "maxGrade": 10,
      "name": "Book Check #2 Responsibility",
      "percentGrade": 100,
      "status": "GRADED",
      "studentGrade": 10.0
    },
    {
      "assigned": "2018-11-01T00:00:00.000-04:00",
      "category": "Homework/Classwork",
      "description": "Revise and edit personal narrative based on Mrs. VW`s suggestions and comments.  Online only.  No need to print out yet.  Write an email to Mrs. VW explaining what you did to make your paragraph better.  In order to receive full credit, please write a professional email.",
      "due": "2018-11-02T00:00:00.000-04:00",
      "isCustomAssignment": false,
      "isEditedAssignment": false,
      "lastModified": "2018-11-02T08:52:00.000-04:00",
      "letterGrade": "A+",
      "markingPeriodId": "462",
      "maxGrade": 10,
      "name": "Email to Mrs. VW Regarding Personal Narrative Revisions",
      "percentGrade": 100,
      "status": "GRADED",
      "studentGrade": 10.0
    },
    {
      "assigned": "2018-11-01T00:00:00.000-04:00",
      "category": "Responsibility",
      "due": "2018-11-02T00:00:00.000-04:00",
      "isCustomAssignment": false,
      "isEditedAssignment": false,
      "lastModified": "2018-11-02T08:52:00.000-04:00",
      "letterGrade": "A+",
      "markingPeriodId": "462",
      "maxGrade": 20,
      "name": "Graded Personal Narrative Returned to Mrs. VW",
      "percentGrade": 100,
      "status": "GRADED",
      "studentGrade": 20.0
    },
    {
      "assigned": "2018-10-05T00:00:00.000-04:00",
      "category": "FCR",
      "due": "2018-11-02T00:00:00.000-04:00",
      "isCustomAssignment": false,
      "isEditedAssignment": false,
      "lastModified": "2018-11-08T08:16:00.000-05:00",
      "letterGrade": "A+",
      "markingPeriodId": "462",
      "maxGrade": 50,
      "name": "Book Check #2",
      "percentGrade": 100,
      "status": "GRADED",
      "studentGrade": 50.0
    },
    {
      "assigned": "2018-10-31T00:00:00.000-04:00",
      "category": "Homework/Classwork",
      "due": "2018-11-01T00:00:00.000-04:00",
      "isCustomAssignment": false,
      "isEditedAssignment": false,
      "lastModified": "2018-11-01T14:41:00.000-04:00",
      "letterGrade": "A+",
      "markingPeriodId": "462",
      "maxGrade": 20,
      "name": "Halloween Figurative Language",
      "percentGrade": 100,
      "status": "GRADED",
      "studentGrade": 20.0
    },
    {
      "assigned": "2018-10-30T00:00:00.000-04:00",
      "category": "Homework/Classwork",
      "due": "2018-10-31T00:00:00.000-04:00",
      "isCustomAssignment": false,
      "isEditedAssignment": false,
      "lastModified": "2018-11-07T07:19:00.000-05:00",
      "letterGrade": "A+",
      "markingPeriodId": "462",
      "maxGrade": 10,
      "name": "Process grade Persuasive Paragraph",
      "percentGrade": 100,
      "status": "GRADED",
      "studentGrade": 10.0
    },
    {
      "assigned": "2018-10-29T00:00:00.000-04:00",
      "category": "Writing Assignments and Projects",
      "due": "2018-10-31T00:00:00.000-04:00",
      "isCustomAssignment": false,
      "isEditedAssignment": false,
      "lastModified": "2018-11-07T07:19:00.000-05:00",
      "letterGrade": "A",
      "markingPeriodId": "462",
      "maxGrade": 48,
      "name": "Final Draft Persuasive Paragraph",
      "percentGrade": 95,
      "status": "GRADED",
      "studentGrade": 45.5
    },
    {
      "assigned": "2018-10-25T00:00:00.000-04:00",
      "category": "Homework/Classwork",
      "due": "2018-10-29T00:00:00.000-04:00",
      "isCustomAssignment": false,
      "isEditedAssignment": false,
      "lastModified": "2018-10-29T09:39:00.000-04:00",
      "letterGrade": "A+",
      "markingPeriodId": "462",
      "maxGrade": 10,
      "name": "First draft persuasive paragraph",
      "percentGrade": 100,
      "status": "GRADED",
      "studentGrade": 10.0
    },
    {
      "assigned": "2018-10-22T00:00:00.000-04:00",
      "category": "Responsibility",
      "due": "2018-10-26T00:00:00.000-04:00",
      "isCustomAssignment": false,
      "isEditedAssignment": false,
      "lastModified": "2018-10-23T09:55:00.000-04:00",
      "letterGrade": "A+",
      "markingPeriodId": "462",
      "maxGrade": 50,
      "name": "Binder Check 10/26",
      "percentGrade": 116,
      "status": "GRADED",
      "studentGrade": 58.0
    },
    {
      "assigned": "2018-10-15T00:00:00.000-04:00",
      "category": "Quizzes and Reading Comprehension",
      "due": "2018-10-26T00:00:00.000-04:00",
      "isCustomAssignment": false,
      "isEditedAssignment": false,
      "lastModified": "2018-10-30T15:13:00.000-04:00",
      "letterGrade": "D+",
      "markingPeriodId": "462",
      "maxGrade": 25,
      "name": "Italics and Quotes Retake",
      "percentGrade": 68,
      "status": "GRADED",
      "studentGrade": 17.0
    },
    {
      "assigned": "2018-10-15T00:00:00.000-04:00",
      "category": "Quizzes and Reading Comprehension",
      "description": "Plus grammar if necessary.  If you received below an 80% on the last grammar quiz on Quotes and Italics, you will have an opportunity to retake quiz after WOW quiz.",
      "due": "2018-10-26T00:00:00.000-04:00",
      "isCustomAssignment": false,
      "isEditedAssignment": false,
      "lastModified": "2018-10-27T15:52:00.000-04:00",
      "letterGrade": "A+",
      "markingPeriodId": "462",
      "maxGrade": 35,
      "name": "WOW Quiz #3",
      "percentGrade": 100,
      "status": "GRADED",
      "studentGrade": 35.0
    },
    {
      "assigned": "2018-10-23T00:00:00.000-04:00",
      "category": "Homework/Classwork",
      "due": "2018-10-25T00:00:00.000-04:00",
      "isCustomAssignment": false,
      "isEditedAssignment": false,
      "lastModified": "2018-10-26T09:08:00.000-04:00",
      "letterGrade": "A+",
      "markingPeriodId": "462",
      "maxGrade": 20,
      "name": "Sentence Fluency Packet",
      "percentGrade": 100,
      "status": "GRADED",
      "studentGrade": 20.0
    },
    {
      "assigned": "2018-10-23T00:00:00.000-04:00",
      "category": "Responsibility",
      "due": "2018-10-25T00:00:00.000-04:00",
      "isCustomAssignment": false,
      "isEditedAssignment": false,
      "lastModified": "2018-10-25T13:52:00.000-04:00",
      "letterGrade": "A+",
      "markingPeriodId": "462",
      "maxGrade": 20,
      "name": "Graded Descriptive handed back to Mrs. VW",
      "percentGrade": 100,
      "status": "GRADED",
      "studentGrade": 20.0
    },
    {
      "assigned": "2018-10-23T00:00:00.000-04:00",
      "category": "Homework/Classwork",
      "description": "Revise and edit descriptive paragraph based on Mrs. VW`s suggestions and comments.  Online only.  No need to print out yet.  Write an email to Mrs. VW explaining what you did to make your paragraph better.  In order to receive full credit, please write a professional email.",
      "due": "2018-10-25T00:00:00.000-04:00",
      "isCustomAssignment": false,
      "isEditedAssignment": false,
      "lastModified": "2018-10-29T09:42:00.000-04:00",
      "letterGrade": "A+",
      "markingPeriodId": "462",
      "maxGrade": 10,
      "name": "Email to Mrs. VW Regarding Improvements to Descriptive Paragraph",
      "percentGrade": 100,
      "status": "GRADED",
      "studentGrade": 10.0
    },
    {
      "assigned": "2018-10-15T00:00:00.000-04:00",
      "category": "Homework/Classwork",
      "due": "2018-10-25T00:00:00.000-04:00",
      "isCustomAssignment": false,
      "isEditedAssignment": false,
      "lastModified": "2018-10-25T15:12:00.000-04:00",
      "letterGrade": "A+",
      "markingPeriodId": "462",
      "maxGrade": 20,
      "name": "WOW Packet #3",
      "percentGrade": 100,
      "status": "GRADED",
      "studentGrade": 20.0
    },
    {
      "assigned": "2018-10-19T00:00:00.000-04:00",
      "category": "Homework/Classwork",
      "due": "2018-10-23T00:00:00.000-04:00",
      "isCustomAssignment": false,
      "isEditedAssignment": false,
      "lastModified": "2018-11-01T09:00:00.000-04:00",
      "letterGrade": "B-",
      "markingPeriodId": "462",
      "maxGrade": 10,
      "name": "Process Grade Personal Narrative",
      "percentGrade": 80,
      "status": "GRADED",
      "studentGrade": 8.0
    },
    {
      "assigned": "2018-10-19T00:00:00.000-04:00",
      "category": "Writing Assignments and Projects",
      "due": "2018-10-23T00:00:00.000-04:00",
      "isCustomAssignment": false,
      "isEditedAssignment": false,
      "lastModified": "2018-11-01T09:00:00.000-04:00",
      "letterGrade": "A-",
      "markingPeriodId": "462",
      "maxGrade": 48,
      "name": "Final Draft Personal Narrative",
      "percentGrade": 90,
      "status": "GRADED",
      "studentGrade": 43.0
    },
    {
      "assigned": "2018-10-19T00:00:00.000-04:00",
      "category": "Quizzes and Reading Comprehension",
      "due": "2018-10-22T00:00:00.000-04:00",
      "isCustomAssignment": false,
      "isEditedAssignment": false,
      "lastModified": "2018-10-22T14:26:00.000-04:00",
      "letterGrade": "A+",
      "markingPeriodId": "462",
      "maxGrade": 10,
      "name": "TFK - \"We Want to Learn\"",
      "percentGrade": 100,
      "status": "GRADED",
      "studentGrade": 10.0
    },
    {
      "assigned": "2018-10-16T00:00:00.000-04:00",
      "category": "Homework/Classwork",
      "due": "2018-10-19T00:00:00.000-04:00",
      "isCustomAssignment": false,
      "isEditedAssignment": false,
      "lastModified": "2018-10-19T09:00:00.000-04:00",
      "letterGrade": "A+",
      "markingPeriodId": "462",
      "maxGrade": 10,
      "name": "First draft personal narrative",
      "percentGrade": 100,
      "status": "GRADED",
      "studentGrade": 10.0
    },
    {
      "assigned": "2018-10-09T00:00:00.000-04:00",
      "category": "Responsibility",
      "description": "This \"week\" will include both week of 10/9 and week of 10/15 since both are short weeks.",
      "due": "2018-10-19T00:00:00.000-04:00",
      "isCustomAssignment": false,
      "isEditedAssignment": false,
      "lastModified": "2018-10-19T09:07:00.000-04:00",
      "letterGrade": "A+",
      "markingPeriodId": "462",
      "maxGrade": 16,
      "name": "Responsibility Week #5",
      "percentGrade": 100,
      "status": "GRADED",
      "studentGrade": 16.0
    },
    {
      "assigned": "2018-10-16T00:00:00.000-04:00",
      "category": "Responsibility",
      "description": "pp. 20-24 complete plus table of contents filled in\np. 20 \u003d Retired/Banned Words\np.21 \u003d Shades of meaning\nP. 22 \u003d Instead of Went\np. 23 \u003d What is a Personal Narrative\np. 24 \u003d writing small",
      "due": "2018-10-18T00:00:00.000-04:00",
      "isCustomAssignment": false,
      "isEditedAssignment": false,
      "lastModified": "2018-10-18T14:28:00.000-04:00",
      "letterGrade": "A+",
      "markingPeriodId": "462",
      "maxGrade": 20,
      "name": "Writer\u0027s Notebook up to date",
      "percentGrade": 100,
      "status": "GRADED",
      "studentGrade": 20.0
    },
    {
      "assigned": "2018-10-15T00:00:00.000-04:00",
      "category": "Responsibility",
      "due": "2018-10-16T00:00:00.000-04:00",
      "isCustomAssignment": false,
      "isEditedAssignment": false,
      "lastModified": "2018-10-16T14:22:00.000-04:00",
      "letterGrade": "A+",
      "markingPeriodId": "462",
      "maxGrade": 20,
      "name": "Graded Expository Paragraph handed back to Mrs. VW",
      "percentGrade": 100,
      "status": "GRADED",
      "studentGrade": 20.0
    },
    {
      "assigned": "2018-10-15T00:00:00.000-04:00",
      "category": "Homework/Classwork",
      "description": "Revise and edit expository paragraph based on Mrs. VW`s suggestions and comments.  Online only.  No need to print out yet.  Write an email to Mrs. VW explaining what you did to make your paragraph better.  In order to receive full credit, you MUST return your graded paragraph on Tuesday, 10/16.",
      "due": "2018-10-16T00:00:00.000-04:00",
      "isCustomAssignment": false,
      "isEditedAssignment": false,
      "lastModified": "2018-10-18T14:32:00.000-04:00",
      "letterGrade": "A+",
      "markingPeriodId": "462",
      "maxGrade": 20,
      "name": "Expository Revision: Email to Mrs. VW",
      "percentGrade": 100,
      "status": "GRADED",
      "studentGrade": 20.0
    },
    {
      "assigned": "2018-10-15T00:00:00.000-04:00",
      "category": "Homework/Classwork",
      "due": "2018-10-16T00:00:00.000-04:00",
      "isCustomAssignment": false,
      "isEditedAssignment": false,
      "lastModified": "2018-10-16T14:19:00.000-04:00",
      "letterGrade": "A+",
      "markingPeriodId": "462",
      "maxGrade": 10,
      "name": "Interesting Adjectives and Practice Choosing Specific Words",
      "percentGrade": 100,
      "status": "GRADED",
      "studentGrade": 10.0
    },
    {
      "assigned": "2018-10-09T00:00:00.000-04:00",
      "category": "Homework/Classwork",
      "description": "Please pass in:\n-Rubric with name on it\n-Printed paragraph\n-Completed Revising and Editing Checklist",
      "due": "2018-10-15T00:00:00.000-04:00",
      "isCustomAssignment": false,
      "isEditedAssignment": false,
      "lastModified": "2018-10-23T09:08:00.000-04:00",
      "letterGrade": "A+",
      "markingPeriodId": "462",
      "maxGrade": 10,
      "name": "Descriptive Paragraph Process Grade",
      "percentGrade": 100,
      "status": "GRADED",
      "studentGrade": 10.0
    },
    {
      "assigned": "2018-10-09T00:00:00.000-04:00",
      "category": "Writing Assignments and Projects",
      "due": "2018-10-15T00:00:00.000-04:00",
      "isCustomAssignment": false,
      "isEditedAssignment": false,
      "lastModified": "2018-10-23T09:08:00.000-04:00",
      "letterGrade": "A",
      "markingPeriodId": "462",
      "maxGrade": 48,
      "name": "Final Draft Descriptive Paragraph",
      "percentGrade": 94,
      "status": "GRADED",
      "studentGrade": 45.0
    },
    {
      "assigned": "2018-10-09T00:00:00.000-04:00",
      "category": "Quizzes and Reading Comprehension",
      "description": "Quotes vs. Italics",
      "due": "2018-10-11T00:00:00.000-04:00",
      "isCustomAssignment": false,
      "isEditedAssignment": false,
      "lastModified": "2018-10-11T19:35:00.000-04:00",
      "letterGrade": "C",
      "markingPeriodId": "462",
      "maxGrade": 20,
      "name": "Grammar Quiz #1",
      "percentGrade": 75,
      "status": "GRADED",
      "studentGrade": 15.0
    },
    {
      "assigned": "2018-10-01T00:00:00.000-04:00",
      "category": "Quizzes and Reading Comprehension",
      "due": "2018-10-11T00:00:00.000-04:00",
      "isCustomAssignment": false,
      "isEditedAssignment": false,
      "lastModified": "2018-10-14T18:25:00.000-04:00",
      "letterGrade": "A+",
      "markingPeriodId": "462",
      "maxGrade": 35,
      "name": "WOW Quiz #2 PLUS Grammar!",
      "percentGrade": 99,
      "status": "GRADED",
      "studentGrade": 34.5
    },
    {
      "assigned": "2018-10-01T00:00:00.000-04:00",
      "category": "Homework/Classwork",
      "due": "2018-10-10T00:00:00.000-04:00",
      "isCustomAssignment": false,
      "isEditedAssignment": false,
      "lastModified": "2018-10-10T09:02:00.000-04:00",
      "letterGrade": "A+",
      "markingPeriodId": "462",
      "maxGrade": 20,
      "name": "WOW Packet #2",
      "percentGrade": 100,
      "status": "GRADED",
      "studentGrade": 20.0
    },
    {
      "assigned": "2018-10-05T00:00:00.000-04:00",
      "category": "Quizzes and Reading Comprehension",
      "due": "2018-10-09T00:00:00.000-04:00",
      "isCustomAssignment": false,
      "isEditedAssignment": false,
      "lastModified": "2018-10-10T08:00:00.000-04:00",
      "letterGrade": "B+",
      "markingPeriodId": "462",
      "maxGrade": 15,
      "name": "TFK - Pet Project",
      "percentGrade": 87,
      "status": "GRADED",
      "studentGrade": 13.0
    },
    {
      "assigned": "2018-10-04T00:00:00.000-04:00",
      "category": "Homework/Classwork",
      "due": "2018-10-09T00:00:00.000-04:00",
      "isCustomAssignment": false,
      "isEditedAssignment": false,
      "lastModified": "2018-10-09T14:55:00.000-04:00",
      "letterGrade": "A+",
      "markingPeriodId": "462",
      "maxGrade": 20,
      "name": "First Draft Descriptive Paragraph",
      "percentGrade": 100,
      "status": "GRADED",
      "studentGrade": 20.0
    },
    {
      "assigned": "2018-10-05T00:00:00.000-04:00",
      "category": "FCR",
      "description": "-Complete and submit through Google Classroom online book check\n-Complete book check sheet neatly, accurately and on time\n-Keep your original book check sheet in good condition all year long",
      "due": "2018-10-05T00:00:00.000-04:00",
      "isCustomAssignment": false,
      "isEditedAssignment": false,
      "lastModified": "2018-10-05T14:48:00.000-04:00",
      "letterGrade": "A+",
      "markingPeriodId": "462",
      "maxGrade": 10,
      "name": "Book Check #1 Responsibility",
      "percentGrade": 100,
      "status": "GRADED",
      "studentGrade": 10.0
    },
    {
      "assigned": "2018-10-01T00:00:00.000-04:00",
      "category": "Responsibility",
      "due": "2018-10-05T00:00:00.000-04:00",
      "isCustomAssignment": false,
      "isEditedAssignment": false,
      "lastModified": "2018-10-05T08:49:00.000-04:00",
      "letterGrade": "A+",
      "markingPeriodId": "462",
      "maxGrade": 16,
      "name": "Responsibility Grade Week #4",
      "percentGrade": 100,
      "status": "GRADED",
      "studentGrade": 16.0
    },
    {
      "assigned": "2018-09-04T00:00:00.000-04:00",
      "category": "FCR",
      "due": "2018-10-05T00:00:00.000-04:00",
      "isCustomAssignment": false,
      "isEditedAssignment": false,
      "lastModified": "2018-10-15T07:50:00.000-04:00",
      "letterGrade": "A",
      "markingPeriodId": "462",
      "maxGrade": 40,
      "name": "Book Information Mini Poster #1",
      "percentGrade": 93,
      "status": "GRADED",
      "studentGrade": 37.0
    },
    {
      "assigned": "2018-08-30T00:00:00.000-04:00",
      "category": "FCR",
      "due": "2018-10-05T00:00:00.000-04:00",
      "isCustomAssignment": false,
      "isEditedAssignment": false,
      "lastModified": "2018-10-05T14:46:00.000-04:00",
      "letterGrade": "A+",
      "markingPeriodId": "462",
      "maxGrade": 50,
      "name": "Book Check #1",
      "percentGrade": 100,
      "status": "GRADED",
      "studentGrade": 50.0
    },
    {
      "assigned": "2018-10-03T00:00:00.000-04:00",
      "category": "Homework/Classwork",
      "due": "2018-10-04T00:00:00.000-04:00",
      "isCustomAssignment": false,
      "isEditedAssignment": false,
      "lastModified": "2018-10-04T14:29:00.000-04:00",
      "letterGrade": "A+",
      "markingPeriodId": "462",
      "maxGrade": 20,
      "name": "Figurative Language Review Worksheet",
      "percentGrade": 100,
      "status": "GRADED",
      "studentGrade": 20.0
    },
    {
      "assigned": "2018-10-03T00:00:00.000-04:00",
      "category": "Homework/Classwork",
      "description": "Alliteration, Onomatopoeia, Simile \u0026 Metaphors, Hyperbole, Personification, and Idioms Quiz plus email to Mrs. VW",
      "due": "2018-10-04T00:00:00.000-04:00",
      "isCustomAssignment": false,
      "isEditedAssignment": false,
      "lastModified": "2018-10-04T14:29:00.000-04:00",
      "letterGrade": "A+",
      "markingPeriodId": "462",
      "maxGrade": 20,
      "name": "FIgurative Language Learning Stations",
      "percentGrade": 100,
      "status": "GRADED",
      "studentGrade": 20.0
    },
    {
      "assigned": "2018-10-02T00:00:00.000-04:00",
      "category": "Responsibility",
      "due": "2018-10-03T00:00:00.000-04:00",
      "isCustomAssignment": false,
      "isEditedAssignment": false,
      "lastModified": "2018-10-03T08:26:00.000-04:00",
      "letterGrade": "A+",
      "markingPeriodId": "462",
      "maxGrade": 10,
      "name": "Tape page 19 in Writer\u0027s Notebook",
      "percentGrade": 100,
      "status": "GRADED",
      "studentGrade": 10.0
    },
    {
      "assigned": "2018-10-02T00:00:00.000-04:00",
      "category": "Homework/Classwork",
      "due": "2018-10-03T00:00:00.000-04:00",
      "isCustomAssignment": false,
      "isEditedAssignment": false,
      "lastModified": "2018-10-03T09:05:00.000-04:00",
      "letterGrade": "A+",
      "markingPeriodId": "462",
      "maxGrade": 10,
      "name": "Sensory Details",
      "percentGrade": 100,
      "status": "GRADED",
      "studentGrade": 10.0
    },
    {
      "assigned": "2018-10-01T00:00:00.000-04:00",
      "category": "Homework/Classwork",
      "due": "2018-10-03T00:00:00.000-04:00",
      "isCustomAssignment": false,
      "isEditedAssignment": false,
      "lastModified": "2018-10-03T09:09:00.000-04:00",
      "letterGrade": "A+",
      "markingPeriodId": "462",
      "maxGrade": 20,
      "name": "Italics and Quotes - Grammar Packet",
      "percentGrade": 100,
      "status": "GRADED",
      "studentGrade": 20.0
    },
    {
      "assigned": "2018-09-26T00:00:00.000-04:00",
      "category": "Homework/Classwork",
      "description": "Please pass in:\n-Rubric with name on it\n-Printed final draft\n-Completed Revising and Editing Checklist",
      "due": "2018-10-02T00:00:00.000-04:00",
      "isCustomAssignment": false,
      "isEditedAssignment": false,
      "lastModified": "2018-10-15T07:41:00.000-04:00",
      "letterGrade": "A+",
      "markingPeriodId": "462",
      "maxGrade": 10,
      "name": "Expository Paragraph Process Grade",
      "percentGrade": 100,
      "status": "GRADED",
      "studentGrade": 10.0
    },
    {
      "assigned": "2018-09-26T00:00:00.000-04:00",
      "category": "Writing Assignments and Projects",
      "due": "2018-10-02T00:00:00.000-04:00",
      "isCustomAssignment": false,
      "isEditedAssignment": false,
      "lastModified": "2018-10-15T07:40:00.000-04:00",
      "letterGrade": "A+",
      "markingPeriodId": "462",
      "maxGrade": 48,
      "name": "Expository Paragraph Final Draft",
      "percentGrade": 98,
      "status": "GRADED",
      "studentGrade": 47.0
    },
    {
      "assigned": "2018-09-28T00:00:00.000-04:00",
      "category": "Quizzes and Reading Comprehension",
      "due": "2018-10-01T00:00:00.000-04:00",
      "isCustomAssignment": false,
      "isEditedAssignment": false,
      "lastModified": "2018-10-02T13:45:00.000-04:00",
      "letterGrade": "B+",
      "markingPeriodId": "462",
      "maxGrade": 15,
      "name": "TFK - News Alert",
      "percentGrade": 87,
      "status": "GRADED",
      "studentGrade": 13.0
    },
    {
      "assigned": "2018-09-24T00:00:00.000-04:00",
      "category": "Responsibility",
      "due": "2018-09-28T00:00:00.000-04:00",
      "isCustomAssignment": false,
      "isEditedAssignment": false,
      "lastModified": "2018-09-28T09:00:00.000-04:00",
      "letterGrade": "A+",
      "markingPeriodId": "462",
      "maxGrade": 16,
      "name": "Responsibilty Week #3",
      "percentGrade": 100,
      "status": "GRADED",
      "studentGrade": 16.0
    },
    {
      "assigned": "2018-09-21T00:00:00.000-04:00",
      "category": "Quizzes and Reading Comprehension",
      "due": "2018-09-28T00:00:00.000-04:00",
      "isCustomAssignment": false,
      "isEditedAssignment": false,
      "lastModified": "2018-09-28T11:55:00.000-04:00",
      "letterGrade": "A-",
      "markingPeriodId": "462",
      "maxGrade": 35,
      "name": "WOW Quiz #1",
      "percentGrade": 92,
      "status": "GRADED",
      "studentGrade": 32.0
    },
    {
      "assigned": "2018-09-21T00:00:00.000-04:00",
      "category": "Homework/Classwork",
      "description": "WOW packet #1 can be found on Mrs. VW`s website.  You may print it out, OR just write or type answers on a separate document.  The choice is yours.",
      "due": "2018-09-27T00:00:00.000-04:00",
      "isCustomAssignment": false,
      "isEditedAssignment": false,
      "lastModified": "2018-09-27T14:53:00.000-04:00",
      "letterGrade": "A+",
      "markingPeriodId": "462",
      "maxGrade": 20,
      "name": "WOW Packet #1",
      "percentGrade": 100,
      "status": "GRADED",
      "studentGrade": 20.0
    },
    {
      "assigned": "2018-09-25T00:00:00.000-04:00",
      "category": "Homework/Classwork",
      "description": "This paragraph should be written in the Assigned Writing section of your Writer`s Notebook",
      "due": "2018-09-26T00:00:00.000-04:00",
      "isCustomAssignment": false,
      "isEditedAssignment": false,
      "lastModified": "2018-09-26T08:13:00.000-04:00",
      "letterGrade": "A+",
      "markingPeriodId": "462",
      "maxGrade": 10,
      "name": "Transition Practice Paragraph",
      "percentGrade": 100,
      "status": "GRADED",
      "studentGrade": 10.0
    },
    {
      "assigned": "2018-09-24T00:00:00.000-04:00",
      "category": "Homework/Classwork",
      "description": "Please submit first draft through Google Classroom. \nIn Google Classroom, write a first draft of an EXPOSITORY paragraph on your topic. Give information and facts about your topic. You shouldn`t present your personal opinion on the topic. Imagine that your readers know nothing about the subject matter, so you have to write everything in detail, even things which seem evident to you. If you need to do some research in order to complete this paragraph, please do so. Just be sure to cite your sources. Also, your paragraph should be written in third person. So you may not use first or second person pronouns like I, me, you, we, etc.",
      "due": "2018-09-26T00:00:00.000-04:00",
      "isCustomAssignment": false,
      "isEditedAssignment": false,
      "lastModified": "2018-09-26T08:45:00.000-04:00",
      "letterGrade": "A+",
      "markingPeriodId": "462",
      "maxGrade": 10,
      "name": "Expository Paragraph First Draft",
      "percentGrade": 100,
      "status": "GRADED",
      "studentGrade": 10.0
    },
    {
      "assigned": "2018-09-21T00:00:00.000-04:00",
      "category": "Homework/Classwork",
      "due": "2018-09-24T00:00:00.000-04:00",
      "isCustomAssignment": false,
      "isEditedAssignment": false,
      "lastModified": "2018-09-24T08:29:00.000-04:00",
      "letterGrade": "A+",
      "markingPeriodId": "462",
      "maxGrade": 10,
      "name": "Try on a Topic #2",
      "percentGrade": 100,
      "status": "GRADED",
      "studentGrade": 10.0
    },
    {
      "assigned": "2018-09-21T00:00:00.000-04:00",
      "category": "Homework/Classwork",
      "description": "Write Mrs. VW an email.  The email should be just a few sentences long.  Tell her what your special place is.  This will be the topic of several writing assignments in the coming weeks.  Be sure you are familiar with the place.",
      "due": "2018-09-24T00:00:00.000-04:00",
      "isCustomAssignment": false,
      "isEditedAssignment": false,
      "lastModified": "2018-09-24T08:44:00.000-04:00",
      "letterGrade": "A+",
      "markingPeriodId": "462",
      "maxGrade": 10,
      "name": "Write Mrs. VW an email",
      "percentGrade": 100,
      "status": "GRADED",
      "studentGrade": 10.0
    },
    {
      "assigned": "2018-09-21T00:00:00.000-04:00",
      "category": "Quizzes and Reading Comprehension",
      "due": "2018-09-24T00:00:00.000-04:00",
      "isCustomAssignment": false,
      "isEditedAssignment": false,
      "lastModified": "2018-09-24T12:08:00.000-04:00",
      "letterGrade": "A+",
      "markingPeriodId": "462",
      "maxGrade": 10,
      "name": "TFK - Education for All Kids of Kakuma\"",
      "percentGrade": 100,
      "status": "GRADED",
      "studentGrade": 10.0
    },
    {
      "assigned": "2018-09-20T00:00:00.000-04:00",
      "category": "Homework/Classwork",
      "description": "Writing will be checked in assigned writing section of Writer`s Notebook.  If you would like to type your writing, in order to get full credit, please print and cut and tape into writer`s notebook on appropriate page",
      "due": "2018-09-21T00:00:00.000-04:00",
      "isCustomAssignment": false,
      "isEditedAssignment": false,
      "lastModified": "2018-09-21T08:20:00.000-04:00",
      "letterGrade": "A+",
      "markingPeriodId": "462",
      "maxGrade": 10,
      "name": "Try on a Topic #1",
      "percentGrade": 100,
      "status": "GRADED",
      "studentGrade": 10.0
    },
    {
      "assigned": "2018-09-17T00:00:00.000-04:00",
      "category": "Responsibility",
      "due": "2018-09-21T00:00:00.000-04:00",
      "isCustomAssignment": false,
      "isEditedAssignment": false,
      "lastModified": "2018-09-21T13:12:00.000-04:00",
      "letterGrade": "A+",
      "markingPeriodId": "462",
      "maxGrade": 16,
      "name": "Responsibilty Week #2",
      "percentGrade": 100,
      "status": "GRADED",
      "studentGrade": 16.0
    },
    {
      "assigned": "2018-09-17T00:00:00.000-04:00",
      "category": "Homework/Classwork",
      "description": "Please pass in \n-Final draft printed\n-rubric with name on it\n-completed revising and editing checklist",
      "due": "2018-09-20T00:00:00.000-04:00",
      "isCustomAssignment": false,
      "isEditedAssignment": false,
      "lastModified": "2018-09-26T07:56:00.000-04:00",
      "letterGrade": "A+",
      "markingPeriodId": "462",
      "maxGrade": 10,
      "name": "Process Grade Paragraph Project",
      "percentGrade": 100,
      "status": "GRADED",
      "studentGrade": 10.0
    },
    {
      "assigned": "2018-09-14T00:00:00.000-04:00",
      "category": "Writing Assignments and Projects",
      "description": "Final draft is due. Please pass in:\n-Final draft printed out\n-Rubric with name on it\n-revising and editing checklist",
      "due": "2018-09-20T00:00:00.000-04:00",
      "isCustomAssignment": false,
      "isEditedAssignment": false,
      "lastModified": "2018-09-26T07:56:00.000-04:00",
      "letterGrade": "A+",
      "markingPeriodId": "462",
      "maxGrade": 48,
      "name": "Paragraph project",
      "percentGrade": 97,
      "status": "GRADED",
      "studentGrade": 46.5
    },
    {
      "assigned": "2018-09-17T00:00:00.000-04:00",
      "category": "Responsibility",
      "description": "Table of Contents up to date (pp.11-15 filled in correctly)\n-pp.13 -15 complete (p. 13 \u003dnotes on What is Revising?  What is Editing? p.14 \u003d handout on revision neatly taped and cut p. 15 \u003d handout on What is final draft form neatly cut and taped) \n-One item written on page 6 - What should I write about? \n-Free writing - one entry complete with date and title\n-Is your writer`s notebook neat and well taken care of?",
      "due": "2018-09-18T00:00:00.000-04:00",
      "isCustomAssignment": false,
      "isEditedAssignment": false,
      "lastModified": "2018-09-18T14:23:00.000-04:00",
      "letterGrade": "A+",
      "markingPeriodId": "462",
      "maxGrade": 10,
      "name": "Writer\u0027s Notebook Check #2",
      "percentGrade": 100,
      "status": "GRADED",
      "studentGrade": 10.0
    },
    {
      "assigned": "2018-09-14T00:00:00.000-04:00",
      "category": "Homework/Classwork",
      "due": "2018-09-18T00:00:00.000-04:00",
      "isCustomAssignment": false,
      "isEditedAssignment": false,
      "lastModified": "2018-09-18T08:32:00.000-04:00",
      "letterGrade": "A+",
      "markingPeriodId": "462",
      "maxGrade": 10,
      "name": "Paragraph Project First Draft",
      "percentGrade": 100,
      "status": "GRADED",
      "studentGrade": 10.0
    },
    {
      "assigned": "2018-09-13T00:00:00.000-04:00",
      "category": "Homework/Classwork",
      "description": "Complete notes on page 12 of your writer`s notebook.  Look on Mrs. VW`s website for more info.",
      "due": "2018-09-14T00:00:00.000-04:00",
      "isCustomAssignment": false,
      "isEditedAssignment": false,
      "lastModified": "2018-09-14T09:01:00.000-04:00",
      "letterGrade": "A+",
      "markingPeriodId": "462",
      "maxGrade": 10,
      "name": "What is a Paragraph notes",
      "percentGrade": 100,
      "status": "GRADED",
      "studentGrade": 10.0
    },
    {
      "assigned": "2018-09-13T00:00:00.000-04:00",
      "category": "Homework/Classwork",
      "description": "Write 10 interview questions you would like to ask a classmate in a getting-to-know-you interview. Write the questions in the assigned writing section of your writer`s notebook.",
      "due": "2018-09-14T00:00:00.000-04:00",
      "isCustomAssignment": false,
      "isEditedAssignment": false,
      "lastModified": "2018-09-14T09:01:00.000-04:00",
      "letterGrade": "A+",
      "markingPeriodId": "462",
      "maxGrade": 10,
      "name": "ten interview questions",
      "percentGrade": 100,
      "status": "GRADED",
      "studentGrade": 10.0
    },
    {
      "assigned": "2018-09-11T00:00:00.000-04:00",
      "category": "Responsibility",
      "description": "1. Writer`s Notebook Check will be Friday, 9/14.  Mrs. VW will be checking for the following:\n-A personalized cover with your name written somewhere on the front cover\n-pages numbered 1-200\n-sturdy tabs for major sections of the notebook (Writing Mini Lessons, Grammar Rules!, Assigned Writing, Free Writing)\n-Table of Contents set up\n-Writer`s Notebook Rules written out\n-Writing Territories completed",
      "due": "2018-09-14T00:00:00.000-04:00",
      "isCustomAssignment": false,
      "isEditedAssignment": false,
      "lastModified": "2018-09-14T09:01:00.000-04:00",
      "letterGrade": "A+",
      "markingPeriodId": "462",
      "maxGrade": 30,
      "name": "Writer\u0027s Notebook Check #1",
      "percentGrade": 100,
      "status": "GRADED",
      "studentGrade": 30.0
    },
    {
      "assigned": "2018-08-27T00:00:00.000-04:00",
      "category": "Responsibility",
      "due": "2018-09-14T00:00:00.000-04:00",
      "isCustomAssignment": false,
      "isEditedAssignment": false,
      "lastModified": "2018-09-14T09:11:00.000-04:00",
      "letterGrade": "B+",
      "markingPeriodId": "462",
      "maxGrade": 16,
      "name": "Responsibility Grade #1",
      "percentGrade": 88,
      "status": "GRADED",
      "studentGrade": 14.0
    },
    {
      "assigned": "2018-09-05T00:00:00.000-04:00",
      "category": "Writing Assignments and Projects",
      "due": "2018-09-10T00:00:00.000-04:00",
      "isCustomAssignment": false,
      "isEditedAssignment": false,
      "lastModified": "2018-09-13T09:02:00.000-04:00",
      "letterGrade": "B",
      "markingPeriodId": "462",
      "maxGrade": 30,
      "name": "About Me Poster",
      "percentGrade": 84,
      "status": "GRADED",
      "studentGrade": 25.0
    },
    {
      "assigned": "2018-08-30T00:00:00.000-04:00",
      "category": "Responsibility",
      "due": "2018-09-04T00:00:00.000-04:00",
      "isCustomAssignment": false,
      "isEditedAssignment": false,
      "lastModified": "2018-09-05T08:15:00.000-04:00",
      "letterGrade": "A-",
      "markingPeriodId": "462",
      "maxGrade": 10,
      "name": "Nashua Library card application complete OR Nashua library card shown to Mrs. VW",
      "percentGrade": 90,
      "status": "GRADED",
      "studentGrade": 9.0
    },
    {
      "assigned": "2018-08-27T00:00:00.000-04:00",
      "category": "Responsibility",
      "due": "2018-09-04T00:00:00.000-04:00",
      "isCustomAssignment": false,
      "isEditedAssignment": false,
      "lastModified": "2018-09-04T14:28:00.000-04:00",
      "letterGrade": "A+",
      "markingPeriodId": "462",
      "maxGrade": 10,
      "name": "Binder Check #1",
      "percentGrade": 100,
      "status": "GRADED",
      "studentGrade": 10.0
    },
    {
      "assigned": "2018-08-27T00:00:00.000-04:00",
      "category": "Responsibility",
      "due": "2018-08-28T00:00:00.000-04:00",
      "isCustomAssignment": false,
      "isEditedAssignment": false,
      "lastModified": "2018-08-28T13:50:00.000-04:00",
      "letterGrade": "A+",
      "markingPeriodId": "462",
      "maxGrade": 10,
      "name": "Syllabus Signed",
      "percentGrade": 100,
      "status": "GRADED",
      "studentGrade": 10.0
    }
  ],
  "categories": [
    {
      "letterGrade": "A+",
      "name": "FCR",
      "percentGrade": 99,
      "percentWeight": 20
    },
    {
      "letterGrade": "A+",
      "name": "Homework/Classwork",
      "percentGrade": 99,
      "percentWeight": 10
    },
    {
      "letterGrade": "A-",
      "name": "Quizzes and Reading Comprehension",
      "percentGrade": 90,
      "percentWeight": 20
    },
    {
      "letterGrade": "A+",
      "name": "Responsibility",
      "percentGrade": 102,
      "percentWeight": 10
    },
    {
      "letterGrade": "A",
      "name": "Writing Assignments and Projects",
      "percentGrade": 95,
      "percentWeight": 40
    }
  ],
  "id": "11759",
  "letterGrade": "A",
  "name": "Course 2",
  "percentGrade": 96,
  "teacher": "Teacher 2",
  "currentMarkingPeriod": {
    "id": "462",
    "name": "Sem1GradeBook",
    "selected": true,
    "year": 2018
  },
  "markingPeriodYears": [
    2013,
    2014,
    2015,
    2016,
    2017,
    2018,
    2019
  ],
  "markingPeriods": [
    {
      "id": "462",
      "name": "Sem1GradeBook",
      "selected": true,
      "year": 2018
    },
    {
      "id": "461",
      "name": "Sem2GradeBook",
      "selected": false,
      "year": 2018
    }
  ]
}