{
  "courses": [
    {
      "days": "MTWHF",
      "name": "Morning Homeroom",
      "room": "114",
      "teacher": "Teacher 2",
      "term": "YEAR"
    },
    {
      "days": "MWF",
      "name": "Course 2",
      "room": "114",
      "teacher": "Teacher 2",
      "term": "YEAR"
    },
    {
      "days": "H",
      "name": "Course 1",
      "period": "1",
      "room": "114",
      "teacher": "Teacher 1",
      "term": "YEAR"
    },
    {
      "days": "T",
      "name": "Course 3",
      "period": "1",
      "room": "190",
      "teacher": "Teacher 3",
      "term": "YEAR"
    },
    {
      "days": "MTWHF",
      "name": "Course 4",
      "period": "2",
      "room": "115",
      "teacher": "Teacher 4",
      "term": "YEAR"
    },
    {
      "days": "MTWHF",
      "name": "Course 5",
      "period": "3",
      "room": "118",
      "teacher": "Teacher 5",
      "term": "YEAR"
    },
    {
      "days": "MTWHF",
      "name": "Course 6",
      "period": "4",
      "room": "116",
      "teacher": "Teacher 6",
      "term": "YEAR"
    },
    {
      "days": "MTWHF",
      "name": "Course 7",
      "period": "5",
      "room": "117",
      "teacher": "Teacher 2",
      "term": "YEAR"
    },
    {
      "days": "TH",
      "name": "Course 2",
      "room": "114",
      "teacher": "Teacher 2",
      "term": "YEAR"
    },
    {
      "days": "W",
      "name": "Advisory",
      "room": "114",
      "teacher": "Teacher 2",
      "term": "YEAR"
    },
    {
      "days": "MF",
      "name": "Reading",
      "room": "114",
      "teacher": "Teacher 2",
      "term": "YEAR"
    },
    {
      "days": "MTWHF",
      "name": "Study Hall",
      "room": "114",
      "teacher": "Teacher 2",
      "term": "YEAR"
    }
  ],
  "currentMarkingPeriod": {
    "id": "462",
    "name": "Sem1GradeBook",
    "selected": true,
    "year": 2018
  },
  "markingPeriodYears": [
    2013,
    2014,
    2015,
    2016,
    2017,
    2018,
    2019
  ],
  "markingPeriods": [
    {
      "id": "462",
      "name": "Sem1GradeBook",
      "selected": true,
      "year": 2018
    },
    {
      "id": "461",
      "name": "Sem2GradeBook",
      "selected": false,
      "year": 2018
    }
  ]
}