{
  "assignments": [
    {
      "assigned": "2018-12-14T00:00:00.000-05:00",
      "category": "Homework",
      "description": "Lots of time to start in class plus study hall!",
      "due": "2018-12-17T00:00:00.000-05:00",
      "isCustomAssignment": false,
      "isEditedAssignment": false,
      "lastModified": "2018-12-18T15:05:00.000-05:00",
      "letterGrade": "A+",
      "markingPeriodId": "462",
      "maxGrade": 50,
      "name": "Mid Ch Quiz All",
      "percentGrade": 100,
      "status": "GRADED",
      "studentGrade": 50.0
    },
    {
      "assigned": "2018-12-13T00:00:00.000-05:00",
      "category": "Homework",
      "description": "Rewrite the questions that start with an inequality. No need to rewrite the sentences. No need for complete sentence answers. Number lines should have 2 numbers and 2 arrows.",
      "due": "2018-12-14T00:00:00.000-05:00",
      "isCustomAssignment": false,
      "isEditedAssignment": false,
      "lastModified": "2018-12-18T15:01:00.000-05:00",
      "letterGrade": "A+",
      "markingPeriodId": "462",
      "maxGrade": 50,
      "name": "5.3 1-25 odd and 48-51 ALL",
      "percentGrade": 100,
      "status": "GRADED",
      "studentGrade": 50.0
    },
    {
      "assigned": "2018-12-11T00:00:00.000-05:00",
      "category": "Homework",
      "description": "Optional: 39-41",
      "due": "2018-12-12T00:00:00.000-05:00",
      "isCustomAssignment": false,
      "isEditedAssignment": false,
      "lastModified": "2018-12-18T14:36:00.000-05:00",
      "letterGrade": "A+",
      "markingPeriodId": "462",
      "maxGrade": 50,
      "name": "5.2 1-25 odd",
      "percentGrade": 100,
      "status": "GRADED",
      "studentGrade": 50.0
    },
    {
      "assigned": "2018-12-10T00:00:00.000-05:00",
      "category": "Homework",
      "description": "Sentences for 3,13,15.   You don not have to check your answers.",
      "due": "2018-12-11T00:00:00.000-05:00",
      "isCustomAssignment": false,
      "isEditedAssignment": false,
      "lastModified": "2018-12-18T14:32:00.000-05:00",
      "letterGrade": "A-",
      "markingPeriodId": "462",
      "maxGrade": 50,
      "name": "5.1 1-17 odd, 34-36 all",
      "percentGrade": 90,
      "status": "GRADED",
      "studentGrade": 45.0
    },
    {
      "assigned": "2018-11-30T00:00:00.000-05:00",
      "category": "Tests/Projects",
      "due": "2018-12-07T00:00:00.000-05:00",
      "isCustomAssignment": false,
      "isEditedAssignment": false,
      "lastModified": "2018-12-16T21:40:00.000-05:00",
      "letterGrade": "A+",
      "markingPeriodId": "462",
      "maxGrade": 100,
      "name": "Ch 4 Test",
      "percentGrade": 100,
      "status": "GRADED",
      "studentGrade": 100.0
    },
    {
      "assigned": "2018-12-04T00:00:00.000-05:00",
      "category": "Homework",
      "description": "Pg 212-214  #`s: 2,10,12,13,14,15,19,21,22,27,31,32,34,35,39,40,41,43,45\nNo mental math, write out the problem and show steps to solve.\nRe-write certain questions as we have all year. \nWord problems require sentences.",
      "due": "2018-12-06T00:00:00.000-05:00",
      "isCustomAssignment": false,
      "isEditedAssignment": false,
      "lastModified": "2018-12-18T14:13:00.000-05:00",
      "letterGrade": "A+",
      "markingPeriodId": "462",
      "maxGrade": 50,
      "name": "Study Guide Problems",
      "percentGrade": 100,
      "status": "GRADED",
      "studentGrade": 50.0
    },
    {
      "assigned": "2018-12-03T00:00:00.000-05:00",
      "category": "Homework",
      "due": "2018-12-04T00:00:00.000-05:00",
      "isCustomAssignment": false,
      "isEditedAssignment": false,
      "lastModified": "2018-12-18T14:12:00.000-05:00",
      "letterGrade": "A+",
      "markingPeriodId": "462",
      "maxGrade": 50,
      "name": "Practice test 1-33 odd",
      "percentGrade": 100,
      "status": "GRADED",
      "studentGrade": 50.0
    },
    {
      "assigned": "2018-11-30T00:00:00.000-05:00",
      "category": "Homework",
      "description": "Equation, solve it, and sentence for 1-11\n29-34 re-write and solve showing both sides.",
      "due": "2018-12-03T00:00:00.000-05:00",
      "isCustomAssignment": false,
      "isEditedAssignment": false,
      "lastModified": "2018-12-05T19:34:00.000-05:00",
      "letterGrade": "A+",
      "markingPeriodId": "462",
      "maxGrade": 50,
      "name": "4.6 1-11 all, 29-34 all; see details",
      "percentGrade": 100,
      "status": "GRADED",
      "studentGrade": 50.0
    },
    {
      "assigned": "2018-11-28T00:00:00.000-05:00",
      "category": "Homework",
      "description": "This chapter is VERY important. That is why we are doing extra work on these sections recently. Learn it, live it, love it!   :)",
      "due": "2018-11-29T00:00:00.000-05:00",
      "isCustomAssignment": false,
      "isEditedAssignment": false,
      "lastModified": "2018-12-04T12:19:00.000-05:00",
      "letterGrade": "A+",
      "markingPeriodId": "462",
      "maxGrade": 50,
      "name": "EP9 4.5 1-21 all, check 3 problems",
      "percentGrade": 100,
      "status": "GRADED",
      "studentGrade": 50.0
    },
    {
      "assigned": "2018-11-27T00:00:00.000-05:00",
      "category": "Homework",
      "due": "2018-11-28T00:00:00.000-05:00",
      "isCustomAssignment": false,
      "isEditedAssignment": false,
      "lastModified": "2018-12-04T11:10:00.000-05:00",
      "letterGrade": "A+",
      "markingPeriodId": "462",
      "maxGrade": 50,
      "name": "4.5 1-29 odd",
      "percentGrade": 100,
      "status": "GRADED",
      "studentGrade": 50.0
    },
    {
      "assigned": "2018-11-26T00:00:00.000-05:00",
      "category": "Homework",
      "description": "You only have to check 5 questions. Show both sides on all problems!",
      "due": "2018-11-27T00:00:00.000-05:00",
      "isCustomAssignment": false,
      "isEditedAssignment": false,
      "lastModified": "2018-12-05T13:06:00.000-05:00",
      "letterGrade": "A+",
      "markingPeriodId": "462",
      "maxGrade": 50,
      "name": "EP9 4.4 7-21 all",
      "percentGrade": 100,
      "status": "GRADED",
      "studentGrade": 50.0
    },
    {
      "assigned": "2018-11-19T00:00:00.000-05:00",
      "category": "Homework",
      "due": "2018-11-20T00:00:00.000-05:00",
      "isCustomAssignment": false,
      "isEditedAssignment": false,
      "lastModified": "2018-12-05T13:03:00.000-05:00",
      "letterGrade": "A+",
      "markingPeriodId": "462",
      "maxGrade": 50,
      "name": "4.4 1-27 odd",
      "percentGrade": 100,
      "status": "GRADED",
      "studentGrade": 50.0
    },
    {
      "assigned": "2018-11-19T00:00:00.000-05:00",
      "category": "Tests/Projects",
      "due": "2018-11-20T00:00:00.000-05:00",
      "isCustomAssignment": false,
      "isEditedAssignment": false,
      "lastModified": "2018-12-02T20:26:00.000-05:00",
      "letterGrade": "A-",
      "markingPeriodId": "462",
      "maxGrade": 20,
      "name": "Stock Market Snow Day Article- Stock Market Crash of 1929",
      "percentGrade": 90,
      "status": "GRADED",
      "studentGrade": 18.0
    },
    {
      "assigned": "2018-10-01T00:00:00.000-04:00",
      "category": "Beh./Part Grade",
      "due": "2018-11-20T00:00:00.000-05:00",
      "isCustomAssignment": false,
      "isEditedAssignment": false,
      "lastModified": "2018-12-07T14:19:00.000-05:00",
      "letterGrade": "A+",
      "markingPeriodId": "462",
      "maxGrade": 100,
      "name": "2nd Beh/Part grade of year",
      "percentGrade": 100,
      "status": "GRADED",
      "studentGrade": 100.0
    },
    {
      "assigned": "2018-11-15T00:00:00.000-05:00",
      "category": "Homework",
      "description": "Only doing odds will give everyone time to complete the 4 articles on the stock simulator.",
      "due": "2018-11-16T00:00:00.000-05:00",
      "isCustomAssignment": false,
      "isEditedAssignment": false,
      "lastModified": "2018-11-26T15:31:00.000-05:00",
      "letterGrade": "A+",
      "markingPeriodId": "462",
      "maxGrade": 50,
      "name": "Mid ch quiz, odd ones only",
      "percentGrade": 100,
      "status": "GRADED",
      "studentGrade": 50.0
    },
    {
      "assigned": "2018-11-14T00:00:00.000-05:00",
      "category": "Tests/Projects",
      "description": "Go onto the stock simulator and find \"assignment one\" to the right hand side of any page. Click on it. Or, go to \"My Portfolio\" and click on \"Assignments\". There will be 4 short articles to read and answer questions on. This is due Fri which is also when your WOW quiz is in Mrs. VW`s class. This will help in studying for and understanding these concepts. \n\nI am giving you lots of time to start 4.3 in class on Wed to free up time to do these articles. Use your time wisely and DON`T wait until Thursday night to start these!\n\nIn the Dow Jones quiz, number 3 the answer is B.\n\nThis will be your snow packet assignment for Fri 11/16.",
      "due": "2018-11-16T00:00:00.000-05:00",
      "isCustomAssignment": false,
      "isEditedAssignment": false,
      "lastModified": "2018-11-23T17:08:00.000-05:00",
      "letterGrade": "A+",
      "markingPeriodId": "462",
      "maxGrade": 20,
      "name": "Stock Simulator! Assignment One",
      "percentGrade": 100,
      "status": "GRADED",
      "studentGrade": 20.0
    },
    {
      "assigned": "2018-11-14T00:00:00.000-05:00",
      "category": "Homework",
      "description": "Jolly Rancher for doing 1-28 ALL\nOptional tonight: 29-37 all",
      "due": "2018-11-15T00:00:00.000-05:00",
      "isCustomAssignment": false,
      "isEditedAssignment": false,
      "lastModified": "2018-11-26T12:20:00.000-05:00",
      "letterGrade": "A+",
      "markingPeriodId": "462",
      "maxGrade": 50,
      "name": "4.3 1-27 odd",
      "percentGrade": 100,
      "status": "GRADED",
      "studentGrade": 50.0
    },
    {
      "assigned": "2018-11-09T00:00:00.000-05:00",
      "category": "Homework",
      "description": "See email for details",
      "due": "2018-11-13T00:00:00.000-05:00",
      "isCustomAssignment": false,
      "isEditedAssignment": false,
      "lastModified": "2018-11-26T12:18:00.000-05:00",
      "letterGrade": "A+",
      "markingPeriodId": "462",
      "maxGrade": 50,
      "name": "EP8 4.2 13-24 All",
      "percentGrade": 100,
      "status": "GRADED",
      "studentGrade": 50.0
    },
    {
      "assigned": "2018-11-08T00:00:00.000-05:00",
      "category": "Homework",
      "description": "No sentences needed!",
      "due": "2018-11-09T00:00:00.000-05:00",
      "isCustomAssignment": false,
      "isEditedAssignment": false,
      "lastModified": "2018-11-25T22:03:00.000-05:00",
      "letterGrade": "A-",
      "markingPeriodId": "462",
      "maxGrade": 50,
      "name": "4.2 Q\u0027s",
      "percentGrade": 90,
      "status": "GRADED",
      "studentGrade": 45.0
    },
    {
      "assigned": "2018-11-07T00:00:00.000-05:00",
      "category": "Homework",
      "description": "You had at least 15 min to start in class to get a chunk done.\nRTe-write original problem; show every problem as dist prop, NOT solving inside the () first.",
      "due": "2018-11-08T00:00:00.000-05:00",
      "isCustomAssignment": false,
      "isEditedAssignment": false,
      "lastModified": "2018-11-25T21:59:00.000-05:00",
      "letterGrade": "A+",
      "markingPeriodId": "462",
      "maxGrade": 50,
      "name": "4.1 1-29 all",
      "percentGrade": 100,
      "status": "GRADED",
      "studentGrade": 50.0
    },
    {
      "assigned": "2018-10-31T00:00:00.000-04:00",
      "category": "Tests/Projects",
      "due": "2018-11-05T00:00:00.000-05:00",
      "isCustomAssignment": false,
      "isEditedAssignment": false,
      "lastModified": "2018-11-14T15:03:00.000-05:00",
      "letterGrade": "A+",
      "markingPeriodId": "462",
      "maxGrade": 100,
      "name": "Ch 3 Test",
      "percentGrade": 98,
      "status": "GRADED",
      "studentGrade": 98.0
    },
    {
      "assigned": "2018-11-01T00:00:00.000-04:00",
      "category": "Homework",
      "description": "All questions. You had all class to work on it, plus study hall.",
      "due": "2018-11-02T00:00:00.000-04:00",
      "isCustomAssignment": false,
      "isEditedAssignment": false,
      "lastModified": "2018-11-24T19:15:00.000-05:00",
      "letterGrade": "A+",
      "markingPeriodId": "462",
      "maxGrade": 50,
      "name": "Ch 3 Practice Test",
      "percentGrade": 100,
      "status": "GRADED",
      "studentGrade": 50.0
    },
    {
      "assigned": "2018-10-30T00:00:00.000-04:00",
      "category": "Tests/Projects",
      "description": "Good luck growing your money!",
      "due": "2018-11-02T00:00:00.000-04:00",
      "isCustomAssignment": false,
      "isEditedAssignment": false,
      "lastModified": "2018-11-04T20:07:00.000-05:00",
      "letterGrade": "A+",
      "markingPeriodId": "462",
      "maxGrade": 20,
      "name": "Make 4 Trades in Stock Simulator!",
      "percentGrade": 100,
      "status": "GRADED",
      "studentGrade": 20.0
    },
    {
      "assigned": "2018-10-29T00:00:00.000-04:00",
      "category": "Binder Checks",
      "description": "Needed in binder:\n\nHomework section- Only ch 3 homework assignments.\nTest section- Ch 1 and ch 2 tests.\nProject section- The 1 page handout I gave you all.",
      "due": "2018-11-01T00:00:00.000-04:00",
      "isCustomAssignment": false,
      "isEditedAssignment": false,
      "lastModified": "2018-11-13T10:49:00.000-05:00",
      "letterGrade": "A+",
      "markingPeriodId": "462",
      "maxGrade": 50,
      "name": "Ch 3 Binder Check",
      "percentGrade": 100,
      "status": "GRADED",
      "studentGrade": 50.0
    },
    {
      "assigned": "2018-10-29T00:00:00.000-04:00",
      "category": "Homework",
      "description": "Pg 162-164 11-67 odd\nOrange class, see email for why you are doing extra. Your behavior has to change. Thank you to those that are behaving. Pg 161 2,3,5,7,9",
      "due": "2018-10-31T00:00:00.000-04:00",
      "isCustomAssignment": false,
      "isEditedAssignment": false,
      "lastModified": "2018-11-24T16:16:00.000-05:00",
      "letterGrade": "A+",
      "markingPeriodId": "462",
      "maxGrade": 50,
      "name": "Ch 3 Study Guide",
      "percentGrade": 100,
      "status": "GRADED",
      "studentGrade": 50.0
    },
    {
      "assigned": "2018-10-26T00:00:00.000-04:00",
      "category": "Homework",
      "description": "Be sure to re-write the questions. Lots of time to start in class, study hall today, and the weekend.",
      "due": "2018-10-29T00:00:00.000-04:00",
      "isCustomAssignment": false,
      "isEditedAssignment": false,
      "lastModified": "2018-11-13T10:47:00.000-05:00",
      "letterGrade": "A+",
      "markingPeriodId": "462",
      "maxGrade": 50,
      "name": "3.5 1-13 odd, 38; 3.6 1-27 odd, 35,36",
      "percentGrade": 100,
      "status": "GRADED",
      "studentGrade": 50.0
    },
    {
      "assigned": "2018-10-23T00:00:00.000-04:00",
      "category": "Homework",
      "description": "Be sure to rewrite questions",
      "due": "2018-10-25T00:00:00.000-04:00",
      "isCustomAssignment": false,
      "isEditedAssignment": false,
      "lastModified": "2018-10-26T11:51:00.000-04:00",
      "letterGrade": "A+",
      "markingPeriodId": "462",
      "maxGrade": 50,
      "name": "EP7 3.4 10-24 all",
      "percentGrade": 100,
      "status": "GRADED",
      "studentGrade": 50.0
    },
    {
      "assigned": "2018-10-22T00:00:00.000-04:00",
      "category": "Homework",
      "description": "Optional: 34,35",
      "due": "2018-10-23T00:00:00.000-04:00",
      "isCustomAssignment": false,
      "isEditedAssignment": false,
      "lastModified": "2018-10-24T13:42:00.000-04:00",
      "letterGrade": "A+",
      "markingPeriodId": "462",
      "maxGrade": 50,
      "name": "3.4 1-31 odd",
      "percentGrade": 100,
      "status": "GRADED",
      "studentGrade": 50.0
    },
    {
      "assigned": "2018-10-19T00:00:00.000-04:00",
      "category": "Homework",
      "description": "Lots of time to start in class!!!\nSkip 15 and do your best on 17.",
      "due": "2018-10-22T00:00:00.000-04:00",
      "isCustomAssignment": false,
      "isEditedAssignment": false,
      "lastModified": "2018-10-23T15:41:00.000-04:00",
      "letterGrade": "A+",
      "markingPeriodId": "462",
      "maxGrade": 50,
      "name": "Mid ch quiz- 1-30 all",
      "percentGrade": 99,
      "status": "GRADED",
      "studentGrade": 49.5
    },
    {
      "assigned": "2018-10-18T00:00:00.000-04:00",
      "category": "Homework",
      "due": "2018-10-19T00:00:00.000-04:00",
      "isCustomAssignment": false,
      "isEditedAssignment": false,
      "lastModified": "2018-10-22T15:02:00.000-04:00",
      "letterGrade": "A+",
      "markingPeriodId": "462",
      "maxGrade": 50,
      "name": "3.3 1-35 odd",
      "percentGrade": 100,
      "status": "GRADED",
      "studentGrade": 50.0
    },
    {
      "assigned": "2018-10-16T00:00:00.000-04:00",
      "category": "Homework",
      "description": "Complete sentences for word problems!",
      "due": "2018-10-18T00:00:00.000-04:00",
      "isCustomAssignment": false,
      "isEditedAssignment": false,
      "lastModified": "2018-10-22T14:35:00.000-04:00",
      "letterGrade": "A+",
      "markingPeriodId": "462",
      "maxGrade": 50,
      "name": "3.2 1-33 odd",
      "percentGrade": 100,
      "status": "GRADED",
      "studentGrade": 50.0
    },
    {
      "assigned": "2018-10-15T00:00:00.000-04:00",
      "category": "Homework",
      "description": "Optional: 52,73",
      "due": "2018-10-16T00:00:00.000-04:00",
      "isCustomAssignment": false,
      "isEditedAssignment": false,
      "lastModified": "2018-10-22T14:31:00.000-04:00",
      "letterGrade": "A+",
      "markingPeriodId": "462",
      "maxGrade": 50,
      "name": "3.1 1-29 odd",
      "percentGrade": 100,
      "status": "GRADED",
      "studentGrade": 50.0
    },
    {
      "assigned": "2018-10-09T00:00:00.000-04:00",
      "category": "Tests/Projects",
      "description": "All sections of ch 2 as we`ve been reviewing in class.",
      "due": "2018-10-12T00:00:00.000-04:00",
      "isCustomAssignment": false,
      "isEditedAssignment": false,
      "lastModified": "2018-10-18T22:49:00.000-04:00",
      "letterGrade": "A+",
      "markingPeriodId": "462",
      "maxGrade": 100,
      "name": "Chapter 2 Test",
      "percentGrade": 100,
      "status": "GRADED",
      "studentGrade": 100.0
    },
    {
      "assigned": "2018-10-10T00:00:00.000-04:00",
      "category": "Homework",
      "description": "13,17,20,21,23,24,26,28,30,34,36,38,40,43,44,46,47,50,51,58,59,60",
      "due": "2018-10-11T00:00:00.000-04:00",
      "isCustomAssignment": false,
      "isEditedAssignment": false,
      "lastModified": "2018-10-21T19:40:00.000-04:00",
      "letterGrade": "A+",
      "markingPeriodId": "462",
      "maxGrade": 50,
      "name": "Ch 2 Study Guide Q\u0027s:",
      "percentGrade": 100,
      "status": "GRADED",
      "studentGrade": 50.0
    },
    {
      "assigned": "2018-10-09T00:00:00.000-04:00",
      "category": "Homework",
      "description": "Plenty of time to start in class. Be sure to re-write the problems that need it (as we`ve discussed many times).",
      "due": "2018-10-10T00:00:00.000-04:00",
      "isCustomAssignment": false,
      "isEditedAssignment": false,
      "lastModified": "2018-10-21T19:38:00.000-04:00",
      "letterGrade": "A+",
      "markingPeriodId": "462",
      "maxGrade": 50,
      "name": "EP4 2.2 1-17 odd, 2.3 1-25 odd",
      "percentGrade": 100,
      "status": "GRADED",
      "studentGrade": 50.0
    },
    {
      "assigned": "2018-10-05T00:00:00.000-04:00",
      "category": "Homework",
      "description": "You had time to start in class on Friday, study hall, and a 3 day weekend.",
      "due": "2018-10-09T00:00:00.000-04:00",
      "isCustomAssignment": false,
      "isEditedAssignment": false,
      "lastModified": "2018-10-19T14:32:00.000-04:00",
      "letterGrade": "A+",
      "markingPeriodId": "462",
      "maxGrade": 50,
      "name": "Practice test, pg 113 1-33 all",
      "percentGrade": 100,
      "status": "GRADED",
      "studentGrade": 50.0
    },
    {
      "assigned": "2018-10-03T00:00:00.000-04:00",
      "category": "Homework",
      "description": "Assigned Wed due Fri!\n2 days to do it!",
      "due": "2018-10-05T00:00:00.000-04:00",
      "isCustomAssignment": false,
      "isEditedAssignment": false,
      "lastModified": "2018-10-05T14:28:00.000-04:00",
      "letterGrade": "A+",
      "markingPeriodId": "462",
      "maxGrade": 50,
      "name": "2.7 1-15 all",
      "percentGrade": 100,
      "status": "GRADED",
      "studentGrade": 50.0
    },
    {
      "assigned": "2018-10-02T00:00:00.000-04:00",
      "category": "Homework",
      "due": "2018-10-03T00:00:00.000-04:00",
      "isCustomAssignment": false,
      "isEditedAssignment": false,
      "lastModified": "2018-10-05T14:24:00.000-04:00",
      "letterGrade": "A+",
      "markingPeriodId": "462",
      "maxGrade": 50,
      "name": "2.6 1-33 odd",
      "percentGrade": 100,
      "status": "GRADED",
      "studentGrade": 50.0
    },
    {
      "assigned": "2018-10-01T00:00:00.000-04:00",
      "category": "Homework",
      "description": "You all had at least half the class today to begin! Time used wisely and you should have been able to get  a good chunk done and less to do during study or at home. \n\nOptional: 33,34,44",
      "due": "2018-10-02T00:00:00.000-04:00",
      "isCustomAssignment": false,
      "isEditedAssignment": false,
      "lastModified": "2018-10-04T14:16:00.000-04:00",
      "letterGrade": "A+",
      "markingPeriodId": "462",
      "maxGrade": 50,
      "name": "2.5 1-32 all",
      "percentGrade": 100,
      "status": "GRADED",
      "studentGrade": 50.0
    },
    {
      "assigned": "2018-09-27T00:00:00.000-04:00",
      "category": "Homework",
      "due": "2018-09-28T00:00:00.000-04:00",
      "isCustomAssignment": false,
      "isEditedAssignment": false,
      "lastModified": "2018-10-04T13:35:00.000-04:00",
      "letterGrade": "A+",
      "markingPeriodId": "462",
      "maxGrade": 50,
      "name": "2.4 1-27 all",
      "percentGrade": 100,
      "status": "GRADED",
      "studentGrade": 50.0
    },
    {
      "assigned": "2018-08-27T00:00:00.000-04:00",
      "category": "Beh./Part Grade",
      "due": "2018-09-28T00:00:00.000-04:00",
      "isCustomAssignment": false,
      "isEditedAssignment": false,
      "lastModified": "2018-10-04T13:36:00.000-04:00",
      "letterGrade": "A+",
      "markingPeriodId": "462",
      "maxGrade": 100,
      "name": "Beh/Part 1st of year",
      "percentGrade": 100,
      "status": "GRADED",
      "studentGrade": 100.0
    },
    {
      "assigned": "2018-09-25T00:00:00.000-04:00",
      "category": "Homework",
      "description": "Pg 83, re-write questions \nLots of time to begin in class!",
      "due": "2018-09-26T00:00:00.000-04:00",
      "isCustomAssignment": false,
      "isEditedAssignment": false,
      "lastModified": "2018-10-04T11:46:00.000-04:00",
      "letterGrade": "A+",
      "markingPeriodId": "462",
      "maxGrade": 50,
      "name": "Mid Ch Quiz 1-25 ALL",
      "percentGrade": 100,
      "status": "GRADED",
      "studentGrade": 50.0
    },
    {
      "assigned": "2018-09-25T00:00:00.000-04:00",
      "category": "Homework",
      "description": "Again, re-write original questions, 2 word problems, hint hint...",
      "due": "2018-09-26T00:00:00.000-04:00",
      "isCustomAssignment": false,
      "isEditedAssignment": false,
      "lastModified": "2018-10-04T11:45:00.000-04:00",
      "letterGrade": "A+",
      "markingPeriodId": "462",
      "maxGrade": 50,
      "name": "2.3 1-33 odd",
      "percentGrade": 100,
      "status": "GRADED",
      "studentGrade": 50.0
    },
    {
      "assigned": "2018-09-24T00:00:00.000-04:00",
      "category": "Homework",
      "description": "You must re-write each question; complete sentences for word problems!\n1-26 all for a Jolly Rancher.\nOptional: 42,43,47. These are not mandatory! Only if you want to do more.",
      "due": "2018-09-25T00:00:00.000-04:00",
      "isCustomAssignment": false,
      "isEditedAssignment": false,
      "lastModified": "2018-10-02T10:53:00.000-04:00",
      "letterGrade": "A+",
      "markingPeriodId": "462",
      "maxGrade": 50,
      "name": "2.2 1-25 odd",
      "percentGrade": 100,
      "status": "GRADED",
      "studentGrade": 50.0
    },
    {
      "assigned": "2018-09-21T00:00:00.000-04:00",
      "category": "Homework",
      "description": "You had almost an entire class to work on this, plus study hall, plus a weekend.",
      "due": "2018-09-24T00:00:00.000-04:00",
      "isCustomAssignment": false,
      "isEditedAssignment": false,
      "lastModified": "2018-10-02T10:52:00.000-04:00",
      "letterGrade": "A+",
      "markingPeriodId": "462",
      "maxGrade": 50,
      "name": "2.1 1-49 all",
      "percentGrade": 100,
      "status": "GRADED",
      "studentGrade": 50.0
    },
    {
      "assigned": "2018-09-12T00:00:00.000-04:00",
      "category": "Tests/Projects",
      "description": "All sections of ch 1 are on the test. If you have been keeping your homework in the homework section of your binder you know what is on it and how you`re doing with the material.",
      "due": "2018-09-20T00:00:00.000-04:00",
      "isCustomAssignment": false,
      "isEditedAssignment": false,
      "lastModified": "2018-09-27T21:58:00.000-04:00",
      "letterGrade": "A-",
      "markingPeriodId": "462",
      "maxGrade": 100,
      "name": "Ch 1 Test",
      "percentGrade": 91,
      "status": "GRADED",
      "studentGrade": 91.0
    },
    {
      "assigned": "2018-09-14T00:00:00.000-04:00",
      "category": "Binder Checks",
      "due": "2018-09-18T00:00:00.000-04:00",
      "isCustomAssignment": false,
      "isEditedAssignment": false,
      "lastModified": "2018-09-20T08:53:00.000-04:00",
      "letterGrade": "A+",
      "markingPeriodId": "462",
      "maxGrade": 50,
      "name": "Ch 1 Binder Check",
      "percentGrade": 100,
      "status": "GRADED",
      "studentGrade": 50.0
    },
    {
      "assigned": "2018-09-14T00:00:00.000-04:00",
      "category": "Homework",
      "description": "Pg 50-52   #`s 10,11,12,13,14,17,18,19,20,21,22,23,26, 28 a,b,c, 30 a,b,c\n\nYou had the entire class to work on this assignment. If you use your time wisely you should have little to none of this for homework this weekend.",
      "due": "2018-09-17T00:00:00.000-04:00",
      "isCustomAssignment": false,
      "isEditedAssignment": false,
      "lastModified": "2018-09-20T08:50:00.000-04:00",
      "letterGrade": "A+",
      "markingPeriodId": "462",
      "maxGrade": 50,
      "name": "Study Guide q\u0027s on the board during class and study hall",
      "percentGrade": 100,
      "status": "GRADED",
      "studentGrade": 50.0
    },
    {
      "assigned": "2018-09-12T00:00:00.000-04:00",
      "category": "Homework",
      "due": "2018-09-13T00:00:00.000-04:00",
      "isCustomAssignment": false,
      "isEditedAssignment": false,
      "lastModified": "2018-09-14T11:00:00.000-04:00",
      "letterGrade": "A+",
      "markingPeriodId": "462",
      "maxGrade": 50,
      "name": "1.6 1-9 odd, 23-25 all",
      "percentGrade": 100,
      "status": "GRADED",
      "studentGrade": 50.0
    },
    {
      "assigned": "2018-09-11T00:00:00.000-04:00",
      "category": "Homework",
      "description": "Be sure to re-create tables for 1,2,4,5,6,7, and make a function table as we did on the board for #3.",
      "due": "2018-09-12T00:00:00.000-04:00",
      "isCustomAssignment": false,
      "isEditedAssignment": false,
      "lastModified": "2018-09-14T08:49:00.000-04:00",
      "letterGrade": "A+",
      "markingPeriodId": "462",
      "maxGrade": 50,
      "name": "1.5 1-7 all",
      "percentGrade": 100,
      "status": "GRADED",
      "studentGrade": 50.0
    },
    {
      "assigned": "2018-09-10T00:00:00.000-04:00",
      "category": "Homework",
      "description": "You can use 1 coord plane for 1-4, and a 2nd coord plane for 12-19. Don`t forget to \"describe the date\" on #11. Math is not as much about only solving a problem but understanding what it represents.",
      "due": "2018-09-11T00:00:00.000-04:00",
      "isCustomAssignment": false,
      "isEditedAssignment": false,
      "lastModified": "2018-09-14T08:49:00.000-04:00",
      "letterGrade": "A+",
      "markingPeriodId": "462",
      "maxGrade": 50,
      "name": "1.4 1-29 odd",
      "percentGrade": 100,
      "status": "GRADED",
      "studentGrade": 50.0
    },
    {
      "assigned": "2018-09-07T00:00:00.000-04:00",
      "category": "Homework",
      "description": "Back of the book, Extra Practice section. Re-write all questions first then work through organized and methodically.",
      "due": "2018-09-10T00:00:00.000-04:00",
      "isCustomAssignment": false,
      "isEditedAssignment": false,
      "lastModified": "2018-09-11T15:12:00.000-04:00",
      "letterGrade": "A+",
      "markingPeriodId": "462",
      "maxGrade": 50,
      "name": "EP2 1.2 only, 1-12 all",
      "percentGrade": 100,
      "status": "GRADED",
      "studentGrade": 50.0
    },
    {
      "assigned": "2018-09-06T00:00:00.000-04:00",
      "category": "Homework",
      "description": "re-write original question for those that are PEMDAS or simplifying expressions. Don`t forget a table for #7.",
      "due": "2018-09-07T00:00:00.000-04:00",
      "isCustomAssignment": false,
      "isEditedAssignment": false,
      "lastModified": "2018-09-09T17:42:00.000-04:00",
      "letterGrade": "A+",
      "markingPeriodId": "462",
      "maxGrade": 50,
      "name": "Ch 1 mid ch quiz, 1-25 odd",
      "percentGrade": 100,
      "status": "GRADED",
      "studentGrade": 50.0
    },
    {
      "assigned": "2018-09-05T00:00:00.000-04:00",
      "category": "Homework",
      "due": "2018-09-06T00:00:00.000-04:00",
      "isCustomAssignment": false,
      "isEditedAssignment": false,
      "lastModified": "2018-09-09T17:41:00.000-04:00",
      "letterGrade": "A+",
      "markingPeriodId": "462",
      "maxGrade": 50,
      "name": "1.3 1-35 odd",
      "percentGrade": 100,
      "status": "GRADED",
      "studentGrade": 50.0
    },
    {
      "assigned": "2018-09-04T00:00:00.000-04:00",
      "category": "Homework",
      "due": "2018-09-05T00:00:00.000-04:00",
      "isCustomAssignment": false,
      "isEditedAssignment": false,
      "lastModified": "2018-09-09T17:38:00.000-04:00",
      "letterGrade": "A+",
      "markingPeriodId": "462",
      "maxGrade": 50,
      "name": "1.2 11,30, 32-37 all, 52-57 all",
      "percentGrade": 100,
      "status": "GRADED",
      "studentGrade": 50.0
    },
    {
      "assigned": "2018-08-30T00:00:00.000-04:00",
      "category": "Homework",
      "description": "These are examples 1, 2 and 3 q`s only.",
      "due": "2018-09-04T00:00:00.000-04:00",
      "isCustomAssignment": false,
      "isEditedAssignment": false,
      "lastModified": "2018-09-07T14:55:00.000-04:00",
      "letterGrade": "A+",
      "markingPeriodId": "462",
      "maxGrade": 50,
      "name": "1.2 1-9 odd, 13-25 odd",
      "percentGrade": 100,
      "status": "GRADED",
      "studentGrade": 50.0
    },
    {
      "assigned": "2018-08-28T00:00:00.000-04:00",
      "category": "Homework",
      "description": "It is required that the textbook be covered so it can be protected and used every year. I understand some families cannot run right out to the store so the due date is 1 week from the assigned date. Feel free to use the old fashioned brown paper bag to cover it!",
      "due": "2018-09-04T00:00:00.000-04:00",
      "isCustomAssignment": false,
      "isEditedAssignment": false,
      "lastModified": "2018-09-06T11:01:00.000-04:00",
      "letterGrade": "A+",
      "markingPeriodId": "462",
      "maxGrade": 25,
      "name": "Textbook covered",
      "percentGrade": 100,
      "status": "GRADED",
      "studentGrade": 25.0
    },
    {
      "assigned": "2018-08-29T00:00:00.000-04:00",
      "category": "Homework",
      "description": "First homework assignment of the year! I showed you all the proper heading, told you which ones to rewrite the original problem for, and to show your work for the PEMDAS ones. Good luck!",
      "due": "2018-08-30T00:00:00.000-04:00",
      "isCustomAssignment": false,
      "isEditedAssignment": false,
      "lastModified": "2018-09-07T14:54:00.000-04:00",
      "letterGrade": "A+",
      "markingPeriodId": "462",
      "maxGrade": 100,
      "name": "1.1 1-29 odd",
      "percentGrade": 100,
      "status": "GRADED",
      "studentGrade": 100.0
    },
    {
      "assigned": "2018-08-28T00:00:00.000-04:00",
      "category": "Homework",
      "due": "2018-08-29T00:00:00.000-04:00",
      "isCustomAssignment": false,
      "isEditedAssignment": false,
      "lastModified": "2018-08-29T15:09:00.000-04:00",
      "letterGrade": "A+",
      "markingPeriodId": "462",
      "maxGrade": 25,
      "name": "Syllabus Page Signed",
      "percentGrade": 100,
      "status": "GRADED",
      "studentGrade": 25.0
    },
    {
      "assigned": "2018-08-27T00:00:00.000-04:00",
      "category": "Homework",
      "description": "This was handed to and reviewed with all students the first day of school. We will have a classroom and community based on respect for everyone.",
      "due": "2018-08-28T00:00:00.000-04:00",
      "isCustomAssignment": false,
      "isEditedAssignment": false,
      "lastModified": "2018-08-29T12:10:00.000-04:00",
      "letterGrade": "A+",
      "markingPeriodId": "462",
      "maxGrade": 25,
      "name": "\"Our Classroom\" signed",
      "percentGrade": 100,
      "status": "GRADED",
      "studentGrade": 25.0
    },
    {
      "assigned": "2018-07-09T00:00:00.000-04:00",
      "category": "Tests/Projects",
      "description": "This is the summer math packet emailed to all ASD students in early July. It is due the first day of school and all work must be shown. This is graded based on completion, not accuracy.",
      "due": "2018-08-27T00:00:00.000-04:00",
      "isCustomAssignment": false,
      "isEditedAssignment": false,
      "lastModified": "2018-09-04T23:28:00.000-04:00",
      "letterGrade": "A+",
      "markingPeriodId": "462",
      "maxGrade": 50,
      "name": "Summer Math Packet",
      "percentGrade": 100,
      "status": "GRADED",
      "studentGrade": 50.0
    }
  ],
  "categories": [
    {
      "letterGrade": "A+",
      "name": "Beh./Part Grade",
      "percentGrade": 100,
      "percentWeight": 15
    },
    {
      "letterGrade": "A+",
      "name": "Binder Checks",
      "percentGrade": 100,
      "percentWeight": 10
    },
    {
      "letterGrade": "A+",
      "name": "Homework",
      "percentGrade": 100,
      "percentWeight": 15
    },
    {
      "letterGrade": "A+",
      "name": "Tests/Projects",
      "percentGrade": 97,
      "percentWeight": 60
    }
  ],
  "id": "11733",
  "letterGrade": "A+",
  "name": "Course 7",
  "percentGrade": 98,
  "period": "5",
  "teacher": "Teacher 7",
  "currentMarkingPeriod": {
    "id": "462",
    "name": "Sem1GradeBook",
    "selected": true,
    "year": 2018
  },
  "markingPeriodYears": [
    2013,
    2014,
    2015,
    2016,
    2017,
    2018,
    2019
  ],
  "markingPeriods": [
    {
      "id": "462",
      "name": "Sem1GradeBook",
      "selected": true,
      "year": 2018
    },
    {
      "id": "461",
      "name": "Sem2GradeBook",
      "selected": false,
      "year": 2018
    }
  ]
}