{
  "days": [
    {
      "date": "2018-12-12T04:05:39.924-05:00",
      "periods": [
        {
          "lastUpdated": "2018-12-12T01:12:52.000-05:00",
          "lastUpdatedBy": "Secretary 1",
          "name": "Math",
          "period": "P5",
          "status": "MISC",
          "teacher": "Teacher 7"
        }
      ],
      "status": "PRESENT"
    },
    {
      "date": "2018-10-11T04:05:40.010-04:00",
      "periods": [
        {
          "lastUpdated": "2018-10-11T09:23:41.000-04:00",
          "lastUpdatedBy": "Secretary 1",
          "name": "Morning Homeroom",
          "period": "HR",
          "status": "LATE",
          "teacher": "Teacher 2"
        }
      ],
      "status": "PRESENT"
    },
    {
      "date": "2018-10-10T04:05:40.054-04:00",
      "periods": [
        {
          "lastUpdated": "2018-10-10T08:27:13.000-04:00",
          "lastUpdatedBy": "Teacher 2",
          "name": "Morning Homeroom",
          "period": "HR",
          "status": "LATE",
          "teacher": "Teacher 2"
        }
      ],
      "status": "PRESENT"
    },
    {
      "date": "2018-10-09T04:05:40.097-04:00",
      "periods": [
        {
          "lastUpdated": "2018-10-09T08:23:14.000-04:00",
          "lastUpdatedBy": "Teacher 2",
          "name": "Morning Homeroom",
          "period": "HR",
          "status": "ABSENT",
          "teacher": "Teacher 2"
        }
      ],
      "status": "PRESENT"
    },
    {
      "date": "2018-10-04T04:05:40.140-04:00",
      "periods": [
        {
          "lastUpdated": "2018-10-04T08:26:41.000-04:00",
          "lastUpdatedBy": "Teacher 2",
          "name": "Morning Homeroom",
          "period": "HR",
          "status": "LATE",
          "teacher": "Teacher 2"
        }
      ],
      "status": "PRESENT"
    },
    {
      "date": "2018-10-01T04:05:40.171-04:00",
      "periods": [
        {
          "lastUpdated": "2018-10-01T08:23:51.000-04:00",
          "lastUpdatedBy": "Secretary 2",
          "name": "Morning Homeroom",
          "period": "HR",
          "status": "EXCUSED",
          "teacher": "Teacher 2"
        },
        {
          "lastUpdated": "2018-10-01T08:23:51.000-04:00",
          "lastUpdatedBy": "Secretary 2",
          "name": "Language Arts",
          "period": "P1",
          "status": "EXCUSED",
          "teacher": "Teacher 2"
        },
        {
          "lastUpdated": "2018-10-01T08:23:51.000-04:00",
          "lastUpdatedBy": "Secretary 2",
          "name": "Social Studies",
          "period": "P2",
          "status": "EXCUSED",
          "teacher": "Susan Chauvette"
        },
        {
          "lastUpdated": "2018-10-01T08:23:51.000-04:00",
          "lastUpdatedBy": "Secretary 2",
          "name": "Science",
          "period": "P3",
          "status": "EXCUSED",
          "teacher": "Teacher 5"
        },
        {
          "lastUpdated": "2018-10-01T08:23:51.000-04:00",
          "lastUpdatedBy": "Secretary 2",
          "name": "Engineering \u0026 Technology",
          "period": "P4",
          "status": "EXCUSED",
          "teacher": "Teacher 6"
        },
        {
          "lastUpdated": "2018-10-01T08:23:51.000-04:00",
          "lastUpdatedBy": "Secretary 2",
          "name": "Math",
          "period": "P5",
          "status": "EXCUSED",
          "teacher": "Teacher 7"
        },
        {
          "lastUpdated": "2018-10-01T08:23:51.000-04:00",
          "lastUpdatedBy": "Secretary 2",
          "name": "Reading",
          "period": "P6",
          "status": "EXCUSED",
          "teacher": "Teacher 2"
        },
        {
          "lastUpdated": "2018-10-01T08:23:51.000-04:00",
          "lastUpdatedBy": "Secretary 2",
          "name": "Study Hall",
          "period": "SH",
          "status": "EXCUSED",
          "teacher": "Teacher 2"
        }
      ],
      "status": "ABSENT"
    },
    {
      "date": "2018-09-12T04:05:40.475-04:00",
      "periods": [
        {
          "lastUpdated": "2018-09-12T01:48:37.000-04:00",
          "lastUpdatedBy": "Teacher 2",
          "name": "Advisory",
          "period": "P6",
          "status": "LATE",
          "teacher": "Teacher 2"
        }
      ],
      "status": "PRESENT"
    },
    {
      "date": "2018-09-11T04:05:40.505-04:00",
      "periods": [
        {
          "lastUpdated": "2018-09-11T11:32:59.000-04:00",
          "lastUpdatedBy": "Teacher 6",
          "name": "Engineering \u0026 Technology",
          "period": "P4",
          "status": "LATE",
          "teacher": "Teacher 6"
        }
      ],
      "status": "PRESENT"
    }
  ],
  "daysAbsent": 1.0,
  "daysAbsentExcused": 1,
  "daysAbsentPercent": 1.39,
  "daysAttended": 71.0,
  "daysAttendedPercent": 98.61,
  "daysOtherMarks": 6,
  "daysPartiallyAbsent": 2,
  "daysPossible": 72.0,
  "periodsAbsent": 9,
  "periodsAbsentExcused": 8,
  "periodsAbsentUnexcused": 1,
  "periodsDismissed": 0,
  "periodsLate": 5,
  "periodsMisc": 1,
  "periodsOffsite": 0,
  "periodsOtherMarks": 6,
  "periodsTardy": 0,
  "currentMarkingPeriod": {
    "id": "462",
    "name": "Sem1GradeBook",
    "selected": true,
    "year": 2018
  },
  "markingPeriodYears": [
    2013,
    2014,
    2015,
    2016,
    2017,
    2018,
    2019
  ],
  "markingPeriods": [
    {
      "id": "462",
      "name": "Sem1GradeBook",
      "selected": true,
      "year": 2018
    },
    {
      "id": "461",
      "name": "Sem2GradeBook",
      "selected": false,
      "year": 2018
    }
  ]
}