{
  "assignments": [
    {
      "assigned": "2018-12-17T00:00:00.000-05:00",
      "category": "Major Assessments",
      "description": "*Points are subject to change, based on how classes go between now and the holiday break.\n* Number of questions are subject to change, based on how classes go between now and the holiday break.\n\n* Your test will only be available for your class period. If you are absent, you will need to see me to test take during study hall. Do you click the test if you are absent (and not in school).",
      "due": "2018-12-17T00:00:00.000-05:00",
      "isCustomAssignment": false,
      "isEditedAssignment": false,
      "lastModified": "2018-12-19T13:13:00.000-05:00",
      "letterGrade": "A+",
      "markingPeriodId": "462",
      "maxGrade": 27,
      "name": "Topic 2: Weather in the Atmosphere (Pearson Realize) Semi- Big TEST",
      "percentGrade": 100,
      "status": "GRADED",
      "studentGrade": 27.0
    },
    {
      "assigned": "2018-12-14T00:00:00.000-05:00",
      "category": "Classwork/Homework",
      "due": "2018-12-14T00:00:00.000-05:00",
      "isCustomAssignment": false,
      "isEditedAssignment": false,
      "lastModified": "2018-12-14T10:54:00.000-05:00",
      "letterGrade": "A+",
      "markingPeriodId": "462",
      "maxGrade": 10,
      "name": "Topic 2: Lesson 4: Watch Career Video: Meteorologist (Pearson Realize) (IN CLASS ONLY)",
      "percentGrade": 100,
      "status": "GRADED",
      "studentGrade": 10.0
    },
    {
      "assigned": "2018-12-14T00:00:00.000-05:00",
      "category": "Classwork/Homework",
      "description": "Answer the following questions on lined paper:\n1. What careers interest you?\n2. What are some careers for people who are interested in weather?\n3. Why do you think the work of a meteorologist is important?",
      "due": "2018-12-14T00:00:00.000-05:00",
      "isCustomAssignment": false,
      "isEditedAssignment": false,
      "lastModified": "2018-12-14T11:08:00.000-05:00",
      "letterGrade": "A+",
      "markingPeriodId": "462",
      "maxGrade": 10,
      "name": "Topic 2: Lesson 4: Careers- Meteorologist: Watching the Clouds Go By, Textbook p. 81 (IN CLASS ONLY)",
      "percentGrade": 100,
      "status": "GRADED",
      "studentGrade": 10.0
    },
    {
      "assigned": "2018-12-13T00:00:00.000-05:00",
      "category": "Major Assessments",
      "due": "2018-12-14T00:00:00.000-05:00",
      "isCustomAssignment": false,
      "isEditedAssignment": false,
      "lastModified": "2018-12-14T10:53:00.000-05:00",
      "letterGrade": "A-",
      "markingPeriodId": "462",
      "maxGrade": 10,
      "name": "Topic 2: Lesson 4: OPEN NOTEBOOK Quiz: Predicting Weather Changes (Pearson Realize)",
      "percentGrade": 90,
      "status": "GRADED",
      "studentGrade": 9.0
    },
    {
      "assigned": "2018-12-13T00:00:00.000-05:00",
      "category": "Classwork/Homework",
      "due": "2018-12-14T00:00:00.000-05:00",
      "isCustomAssignment": false,
      "isEditedAssignment": false,
      "lastModified": "2018-12-14T10:27:00.000-05:00",
      "letterGrade": "A+",
      "markingPeriodId": "462",
      "maxGrade": 10,
      "name": "Topic 2: Lesson 4: Predicting Weather Changes: Interactivity: Weather Predicting (Pearson Realize)",
      "percentGrade": 100,
      "status": "GRADED",
      "studentGrade": 10.0
    },
    {
      "assigned": "2018-12-12T00:00:00.000-05:00",
      "category": "Classwork/Homework",
      "due": "2018-12-13T00:00:00.000-05:00",
      "isCustomAssignment": false,
      "isEditedAssignment": false,
      "lastModified": "2018-12-13T10:23:00.000-05:00",
      "letterGrade": "A+",
      "markingPeriodId": "462",
      "maxGrade": 10,
      "name": "Topic 2: Lesson 4: Interactivity: Using Air Masses to Predict Weather (Pearson Realize)",
      "percentGrade": 100,
      "status": "GRADED",
      "studentGrade": 10.0
    },
    {
      "assigned": "2018-12-12T00:00:00.000-05:00",
      "category": "Classwork/Homework",
      "due": "2018-12-13T00:00:00.000-05:00",
      "isCustomAssignment": false,
      "isEditedAssignment": false,
      "lastModified": "2018-12-13T10:23:00.000-05:00",
      "letterGrade": "A+",
      "markingPeriodId": "462",
      "maxGrade": 10,
      "name": "Topic 2: Lesson 4: Quest Check-In Interactivity: Predicting Severe Weather (Pearson Realize)",
      "percentGrade": 100,
      "status": "GRADED",
      "studentGrade": 10.0
    },
    {
      "assigned": "2018-12-11T00:00:00.000-05:00",
      "category": "Writing Connection Writing rubrics",
      "due": "2018-12-13T00:00:00.000-05:00",
      "isCustomAssignment": false,
      "isEditedAssignment": false,
      "lastModified": "2018-12-13T10:52:00.000-05:00",
      "letterGrade": "A+",
      "markingPeriodId": "462",
      "maxGrade": 4,
      "name": "Topic 2: Lesson 4: Predicting Weather Changes: Writing Connection: Writing Rubric",
      "percentGrade": 100,
      "status": "GRADED",
      "studentGrade": 4.0
    },
    {
      "assigned": "2018-12-11T00:00:00.000-05:00",
      "category": "Writing Connection Questions",
      "due": "2018-12-13T00:00:00.000-05:00",
      "isCustomAssignment": false,
      "isEditedAssignment": false,
      "lastModified": "2018-12-13T10:52:00.000-05:00",
      "letterGrade": "A+",
      "markingPeriodId": "462",
      "maxGrade": 10,
      "name": "Topic 2: Lesson 4: Predicting Weather Changes: Writing Connection",
      "percentGrade": 100,
      "status": "GRADED",
      "studentGrade": 10.0
    },
    {
      "assigned": "2018-12-11T00:00:00.000-05:00",
      "category": "Participation and Arriving Prepared for Class",
      "due": "2018-12-12T00:00:00.000-05:00",
      "isCustomAssignment": false,
      "isEditedAssignment": false,
      "lastModified": "2018-12-12T11:18:00.000-05:00",
      "letterGrade": "A+",
      "markingPeriodId": "462",
      "maxGrade": 10,
      "name": "BRING DEVICE TO CLASS WEDNESDAY",
      "percentGrade": 100,
      "status": "GRADED",
      "studentGrade": 10.0
    },
    {
      "assigned": "2018-12-11T00:00:00.000-05:00",
      "category": "Classwork/Homework",
      "due": "2018-12-12T00:00:00.000-05:00",
      "isCustomAssignment": false,
      "isEditedAssignment": false,
      "lastModified": "2018-12-12T11:21:00.000-05:00",
      "letterGrade": "A+",
      "markingPeriodId": "462",
      "maxGrade": 10,
      "name": "Topic 2: Lesson 4: Predicting Weather Changes: Check \u0026 Quest Check-in p.80 (Textbook)",
      "percentGrade": 100,
      "status": "GRADED",
      "studentGrade": 10.0
    },
    {
      "assigned": "2018-12-11T00:00:00.000-05:00",
      "category": "Classwork/Homework",
      "due": "2018-12-12T00:00:00.000-05:00",
      "isCustomAssignment": false,
      "isEditedAssignment": false,
      "lastModified": "2018-12-12T11:18:00.000-05:00",
      "markingPeriodId": "462",
      "maxGrade": -1,
      "name": "Topic 2: Lesson 4: Predicting Weather Changes: Scaffolded Notes (classwork)",
      "percentGrade": -1,
      "status": "PASS",
      "studentGrade": -1.0
    },
    {
      "assigned": "2018-12-10T00:00:00.000-05:00",
      "category": "Classwork/Homework",
      "due": "2018-12-11T00:00:00.000-05:00",
      "isCustomAssignment": false,
      "isEditedAssignment": false,
      "lastModified": "2018-12-11T11:06:00.000-05:00",
      "letterGrade": "A+",
      "markingPeriodId": "462",
      "maxGrade": 10,
      "name": "TWO Challenging Questions for Kevin Skarupa (Weather related) - On a Notecard",
      "percentGrade": 100,
      "status": "GRADED",
      "studentGrade": 10.0
    },
    {
      "assigned": "2018-12-07T00:00:00.000-05:00",
      "category": "Classwork/Homework",
      "due": "2018-12-11T00:00:00.000-05:00",
      "isCustomAssignment": false,
      "isEditedAssignment": false,
      "lastModified": "2018-12-11T11:06:00.000-05:00",
      "letterGrade": "A+",
      "markingPeriodId": "462",
      "maxGrade": 20,
      "name": "Topic 2: Lesson 4: Predicting the Weather: In-text Assignments (Textbook)",
      "percentGrade": 100,
      "status": "GRADED",
      "studentGrade": 20.0
    },
    {
      "assigned": "2018-12-07T00:00:00.000-05:00",
      "category": "Classwork/Homework",
      "due": "2018-12-10T00:00:00.000-05:00",
      "isCustomAssignment": false,
      "isEditedAssignment": false,
      "lastModified": "2018-12-10T10:26:00.000-05:00",
      "letterGrade": "A+",
      "markingPeriodId": "462",
      "maxGrade": 10,
      "name": "Topic 2: Lesson 4: Predicting the Weather: Video: Weather Satellites (Pearson Realize)",
      "percentGrade": 100,
      "status": "GRADED",
      "studentGrade": 10.0
    },
    {
      "assigned": "2018-12-06T00:00:00.000-05:00",
      "category": "Major Assessments",
      "due": "2018-12-07T00:00:00.000-05:00",
      "isCustomAssignment": false,
      "isEditedAssignment": false,
      "lastModified": "2018-12-11T09:47:00.000-05:00",
      "letterGrade": "A-",
      "markingPeriodId": "462",
      "maxGrade": 11,
      "name": "Topic 2: Lesson 3: Air Masses: OPEN notebook Quiz (Pearson Realize)",
      "percentGrade": 91,
      "status": "GRADED",
      "studentGrade": 10.0
    },
    {
      "assigned": "2018-12-04T00:00:00.000-05:00",
      "category": "Writing Connection Writing rubrics",
      "due": "2018-12-07T00:00:00.000-05:00",
      "isCustomAssignment": false,
      "isEditedAssignment": false,
      "lastModified": "2018-12-07T14:28:00.000-05:00",
      "letterGrade": "A+",
      "markingPeriodId": "462",
      "maxGrade": 4,
      "name": "Topic 2: Lesson 3: Air Masses: Writing Connection (Writing Rubric)",
      "percentGrade": 100,
      "status": "GRADED",
      "studentGrade": 4.0
    },
    {
      "assigned": "2018-12-04T00:00:00.000-05:00",
      "category": "Writing Connection Questions",
      "due": "2018-12-07T00:00:00.000-05:00",
      "isCustomAssignment": false,
      "isEditedAssignment": false,
      "lastModified": "2018-12-07T14:28:00.000-05:00",
      "letterGrade": "A+",
      "markingPeriodId": "462",
      "maxGrade": 10,
      "name": "Topic 2: Lesson 3: Air Masses: Writing Connection",
      "percentGrade": 100,
      "status": "GRADED",
      "studentGrade": 10.0
    },
    {
      "assigned": "2018-12-04T00:00:00.000-05:00",
      "category": "Classwork/Homework",
      "due": "2018-12-06T00:00:00.000-05:00",
      "isCustomAssignment": false,
      "isEditedAssignment": false,
      "lastModified": "2018-12-06T10:47:00.000-05:00",
      "markingPeriodId": "462",
      "maxGrade": -1,
      "name": "Topic 2: Lesson 3: Air Masses: Scaffolded Notes",
      "percentGrade": -1,
      "status": "PASS",
      "studentGrade": -1.0
    },
    {
      "assigned": "2018-12-04T00:00:00.000-05:00",
      "category": "Classwork/Homework",
      "due": "2018-12-06T00:00:00.000-05:00",
      "isCustomAssignment": false,
      "isEditedAssignment": false,
      "lastModified": "2018-12-06T10:48:00.000-05:00",
      "letterGrade": "A+",
      "markingPeriodId": "462",
      "maxGrade": 10,
      "name": "Topic 2: Lesson 3: Air Masses: Lesson 3 Check \u0026 Quest Check-In (p. 73 textbook)",
      "percentGrade": 100,
      "status": "GRADED",
      "studentGrade": 10.0
    },
    {
      "assigned": "2018-12-03T00:00:00.000-05:00",
      "category": "Classwork/Homework",
      "due": "2018-12-04T00:00:00.000-05:00",
      "isCustomAssignment": false,
      "isEditedAssignment": false,
      "lastModified": "2018-12-04T10:24:00.000-05:00",
      "letterGrade": "A+",
      "markingPeriodId": "462",
      "maxGrade": 10,
      "name": "Topic 2: Lesson 3: Air Masses: Video: Three Types of Fronts (Pearson Realize)",
      "percentGrade": 100,
      "status": "GRADED",
      "studentGrade": 10.0
    },
    {
      "assigned": "2018-12-03T00:00:00.000-05:00",
      "category": "Classwork/Homework",
      "due": "2018-12-04T00:00:00.000-05:00",
      "isCustomAssignment": false,
      "isEditedAssignment": false,
      "lastModified": "2018-12-04T10:25:00.000-05:00",
      "letterGrade": "A+",
      "markingPeriodId": "462",
      "maxGrade": 10,
      "name": "Topic 2: Lesson 3: Air Masses: Interactivity: When Air Masses Collide (Pearson Realize)",
      "percentGrade": 100,
      "status": "GRADED",
      "studentGrade": 10.0
    },
    {
      "assigned": "2018-12-03T00:00:00.000-05:00",
      "category": "Classwork/Homework",
      "due": "2018-12-04T00:00:00.000-05:00",
      "isCustomAssignment": false,
      "isEditedAssignment": false,
      "lastModified": "2018-12-04T10:25:00.000-05:00",
      "letterGrade": "A+",
      "markingPeriodId": "462",
      "maxGrade": 10,
      "name": "Topic 2: Lesson 3: Air Masses: Interactivity: Mapping Out the Weather (Pearson Realize)",
      "percentGrade": 100,
      "status": "GRADED",
      "studentGrade": 10.0
    },
    {
      "assigned": "2018-11-30T00:00:00.000-05:00",
      "category": "Classwork/Homework",
      "description": "This assignment is in your textbook. Classwork and finished as homework.",
      "due": "2018-12-03T00:00:00.000-05:00",
      "isCustomAssignment": false,
      "isEditedAssignment": false,
      "lastModified": "2018-12-03T10:54:00.000-05:00",
      "letterGrade": "C",
      "markingPeriodId": "462",
      "maxGrade": 20,
      "name": "Topic 2: Lesson 3: Air Masses: In-text Assignments p. 66 to p. 72 (Textbook)",
      "percentGrade": 75,
      "status": "GRADED",
      "studentGrade": 15.0
    },
    {
      "assigned": "2018-11-29T00:00:00.000-05:00",
      "category": "Major Assessments",
      "due": "2018-11-30T00:00:00.000-05:00",
      "isCustomAssignment": false,
      "isEditedAssignment": false,
      "lastModified": "2018-12-04T09:39:00.000-05:00",
      "letterGrade": "A-",
      "markingPeriodId": "462",
      "maxGrade": 11,
      "name": "Topic 2: Lesson 2: Water in the Atmosphere: OPEN NOTEBOOK Quiz: Water in the Atmosphere (Pearson)",
      "percentGrade": 91,
      "status": "GRADED",
      "studentGrade": 10.0
    },
    {
      "assigned": "2018-11-29T00:00:00.000-05:00",
      "category": "Classwork/Homework",
      "description": "Please watch video and then make sure to click `submit` when done.",
      "due": "2018-11-30T00:00:00.000-05:00",
      "isCustomAssignment": false,
      "isEditedAssignment": false,
      "lastModified": "2018-12-03T10:50:00.000-05:00",
      "letterGrade": "A+",
      "markingPeriodId": "462",
      "maxGrade": 10,
      "name": "Topic 2: Lesson 2: Water in the Atmosphere: Video: Water Cycle (Pearson Realize)",
      "percentGrade": 100,
      "status": "GRADED",
      "studentGrade": 10.0
    },
    {
      "assigned": "2018-11-28T00:00:00.000-05:00",
      "category": "Classwork/Homework",
      "description": "This assignment is completed right in textbook.",
      "due": "2018-11-29T00:00:00.000-05:00",
      "isCustomAssignment": false,
      "isEditedAssignment": false,
      "lastModified": "2018-11-29T10:53:00.000-05:00",
      "letterGrade": "A+",
      "markingPeriodId": "462",
      "maxGrade": 10,
      "name": "Topic 2: Lesson 2: Water in the Atmosphere: Lesson 2 Check \u0026 Quest Check In p. 64 in Textbook",
      "percentGrade": 100,
      "status": "GRADED",
      "studentGrade": 10.0
    },
    {
      "assigned": "2018-11-28T00:00:00.000-05:00",
      "category": "Classwork/Homework",
      "description": "If you finish the notes, you earn a check in Focus.",
      "due": "2018-11-29T00:00:00.000-05:00",
      "isCustomAssignment": false,
      "isEditedAssignment": false,
      "lastModified": "2018-11-29T10:51:00.000-05:00",
      "markingPeriodId": "462",
      "maxGrade": -1,
      "name": "Topic 2: Lesson 2: Water in the Atmosphere: Scaffolded Notes (IN CLASS ONLY..)",
      "percentGrade": -1,
      "status": "PASS",
      "studentGrade": -1.0
    },
    {
      "assigned": "2018-11-27T00:00:00.000-05:00",
      "category": "Writing Connection Writing rubrics",
      "description": "Review rubric before and after answering questions.",
      "due": "2018-11-29T00:00:00.000-05:00",
      "isCustomAssignment": false,
      "isEditedAssignment": false,
      "lastModified": "2018-11-29T11:58:00.000-05:00",
      "letterGrade": "A",
      "markingPeriodId": "462",
      "maxGrade": 4,
      "name": "Topic 2: Lesson 2: Water in the Atmosphere: Writing Connection: Writing Rubric",
      "percentGrade": 95,
      "status": "GRADED",
      "studentGrade": 3.799999952316284
    },
    {
      "assigned": "2018-11-27T00:00:00.000-05:00",
      "category": "Writing Connection Questions",
      "description": "Review rubric before and after answering questions.",
      "due": "2018-11-29T00:00:00.000-05:00",
      "isCustomAssignment": false,
      "isEditedAssignment": false,
      "lastModified": "2018-11-29T11:58:00.000-05:00",
      "letterGrade": "A+",
      "markingPeriodId": "462",
      "maxGrade": 10,
      "name": "Topic 2: Lesson 2: Water in the Atmosphere: Writing Connection",
      "percentGrade": 100,
      "status": "GRADED",
      "studentGrade": 10.0
    },
    {
      "assigned": "2018-11-27T00:00:00.000-05:00",
      "category": "Classwork/Homework",
      "description": "Pearson Realize",
      "due": "2018-11-28T00:00:00.000-05:00",
      "isCustomAssignment": false,
      "isEditedAssignment": false,
      "lastModified": "2018-11-28T10:24:00.000-05:00",
      "letterGrade": "A+",
      "markingPeriodId": "462",
      "maxGrade": 10,
      "name": "Topic 2: Lesson 2: Water in the Atmosphere: Pearson Realize: Quest Check-in: Water \u0026 Severe Weather",
      "percentGrade": 100,
      "status": "GRADED",
      "studentGrade": 10.0
    },
    {
      "assigned": "2018-11-26T00:00:00.000-05:00",
      "category": "Classwork/Homework",
      "description": "Started in class while reading and finished as homework. (In textbook)",
      "due": "2018-11-28T00:00:00.000-05:00",
      "isCustomAssignment": false,
      "isEditedAssignment": false,
      "lastModified": "2018-11-28T10:44:00.000-05:00",
      "letterGrade": "A+",
      "markingPeriodId": "462",
      "maxGrade": 20,
      "name": "Topic 2: Lesson 2: Water in the Atmosphere p. 56-63, In-text Assignments (Textbook)",
      "percentGrade": 100,
      "status": "GRADED",
      "studentGrade": 20.0
    },
    {
      "assigned": "2018-11-26T00:00:00.000-05:00",
      "category": "Participation and Arriving Prepared for Class",
      "description": "DID YOU BRING A DEVICE TODAY WITHOUT HAVING TO GO GET IT AFTER ARRIVING TO CLASS?",
      "due": "2018-11-27T00:00:00.000-05:00",
      "isCustomAssignment": false,
      "isEditedAssignment": false,
      "lastModified": "2018-11-27T10:22:00.000-05:00",
      "letterGrade": "A+",
      "markingPeriodId": "462",
      "maxGrade": 10,
      "name": "BRING DEVICE TUESDAY",
      "percentGrade": 100,
      "status": "GRADED",
      "studentGrade": 10.0
    },
    {
      "assigned": "2018-11-20T00:00:00.000-05:00",
      "category": "Classwork/Homework",
      "description": "Please read the quiz review in Pearson Realize. When you submit, please leave a comment (on the Pearson Realize assignment) explaining why each question you had incorrect was wrong. (The review will go over the answers with you again). *Must submit and leave comment by 3:25pm for full credit, otherwise will be marked late.",
      "due": "2018-11-20T00:00:00.000-05:00",
      "isCustomAssignment": false,
      "isEditedAssignment": false,
      "lastModified": "2018-11-26T09:53:00.000-05:00",
      "letterGrade": "A+",
      "markingPeriodId": "462",
      "maxGrade": 10,
      "name": "Topic 2: Lesson 1: The Atmosphere Around You: Quiz Review Required Assignment (Pearson Realize)",
      "percentGrade": 100,
      "status": "GRADED",
      "studentGrade": 10.0
    },
    {
      "assigned": "2018-11-19T00:00:00.000-05:00",
      "category": "Classwork/Homework",
      "description": "This assignment is started in class, then can be finished for homework.",
      "due": "2018-11-20T00:00:00.000-05:00",
      "isCustomAssignment": false,
      "isEditedAssignment": false,
      "lastModified": "2018-11-26T11:57:00.000-05:00",
      "letterGrade": "C",
      "markingPeriodId": "462",
      "maxGrade": 10,
      "name": "Topic 2: Lesson 1: The Atmosphere Around You: Interactivity: Patterns in the Wind",
      "percentGrade": 75,
      "status": "GRADED",
      "studentGrade": 7.5
    },
    {
      "assigned": "2018-11-16T00:00:00.000-05:00",
      "category": "Major Assessments",
      "description": "Open Notebook Quiz: Completed during class time. Please reference textbook and notes.",
      "due": "2018-11-19T00:00:00.000-05:00",
      "isCustomAssignment": false,
      "isEditedAssignment": false,
      "lastModified": "2018-11-18T13:23:00.000-05:00",
      "letterGrade": "B",
      "markingPeriodId": "462",
      "maxGrade": 7,
      "name": "Topic 2: Lesson 1:The Atmosphere Around You: OPEN NOTEBOOK Quiz: The Atmosphere Around You",
      "percentGrade": 86,
      "status": "GRADED",
      "studentGrade": 6.0
    },
    {
      "assigned": "2018-11-16T00:00:00.000-05:00",
      "category": "Writing Connection Writing rubrics",
      "description": "Please review rubrics before and after answering question.",
      "due": "2018-11-19T00:00:00.000-05:00",
      "isCustomAssignment": false,
      "isEditedAssignment": false,
      "lastModified": "2018-11-27T11:56:00.000-05:00",
      "letterGrade": "A",
      "markingPeriodId": "462",
      "maxGrade": 4,
      "name": "Topic 2: Lesson 1: The Atmosphere Around You: Writing Connection: Writing Rubric",
      "percentGrade": 95,
      "status": "GRADED",
      "studentGrade": 3.799999952316284
    },
    {
      "assigned": "2018-11-16T00:00:00.000-05:00",
      "category": "Writing Connection Questions",
      "description": "Please review rubrics before and after answering question.",
      "due": "2018-11-19T00:00:00.000-05:00",
      "isCustomAssignment": false,
      "isEditedAssignment": false,
      "lastModified": "2018-11-27T11:57:00.000-05:00",
      "letterGrade": "A+",
      "markingPeriodId": "462",
      "maxGrade": 10,
      "name": "Topic 2: Lesson 1: The Atmosphere Around You: Writing Connection",
      "percentGrade": 100,
      "status": "GRADED",
      "studentGrade": 10.0
    },
    {
      "assigned": "2018-11-15T00:00:00.000-05:00",
      "category": "Classwork/Homework",
      "description": "This is found in your textbook. This is homework.",
      "due": "2018-11-19T00:00:00.000-05:00",
      "isCustomAssignment": false,
      "isEditedAssignment": false,
      "lastModified": "2018-11-19T10:54:00.000-05:00",
      "letterGrade": "A+",
      "markingPeriodId": "462",
      "maxGrade": 10,
      "name": "Topic 2: Lesson 1: The Atmosphere Around You: Lesson 1 Check (Textbook P. 55)",
      "percentGrade": 100,
      "status": "GRADED",
      "studentGrade": 10.0
    },
    {
      "assigned": "2018-11-15T00:00:00.000-05:00",
      "category": "Classwork/Homework",
      "description": "Please make sure to watch video in Pearson Realize. Remember to click `submit` when finished. Software on your device must be updated for all content to work properly.",
      "due": "2018-11-16T00:00:00.000-05:00",
      "isCustomAssignment": false,
      "isEditedAssignment": false,
      "lastModified": "2018-11-16T10:57:00.000-05:00",
      "letterGrade": "A+",
      "markingPeriodId": "462",
      "maxGrade": 10,
      "name": "Topic 2: Lesson 1: The Atmosphere Around You: Video: The Atmosphere Around You (Pearson Realize)",
      "percentGrade": 100,
      "status": "GRADED",
      "studentGrade": 10.0
    },
    {
      "assigned": "2018-11-14T00:00:00.000-05:00",
      "category": "Classwork/Homework",
      "due": "2018-11-15T00:00:00.000-05:00",
      "isCustomAssignment": false,
      "isEditedAssignment": false,
      "lastModified": "2018-11-15T11:05:00.000-05:00",
      "letterGrade": "A+",
      "markingPeriodId": "462",
      "maxGrade": 10,
      "name": "Topic 2: Lesson 1: The Atmosphere Around You: Enrichment: Energy in the Atmosphere",
      "percentGrade": 100,
      "status": "GRADED",
      "studentGrade": 10.0
    },
    {
      "assigned": "2018-11-14T00:00:00.000-05:00",
      "category": "Classwork/Homework",
      "description": "This will be started in class on 11/14, and finished in class on 11/15. (Not Homework)",
      "due": "2018-11-15T00:00:00.000-05:00",
      "isCustomAssignment": false,
      "isEditedAssignment": false,
      "lastModified": "2018-11-15T11:03:00.000-05:00",
      "markingPeriodId": "462",
      "maxGrade": -1,
      "name": "Topic 2: Lesson 1: The Atmosphere Around You: Scaffolded Notes",
      "percentGrade": -1,
      "status": "PASS",
      "studentGrade": -1.0
    },
    {
      "assigned": "2018-11-13T00:00:00.000-05:00",
      "category": "Classwork/Homework",
      "description": "These assignments will each be started in class, but then finished for homework. All assignment answers are written in the textbook. (Extra digital copies are available on Pearson Realize)",
      "due": "2018-11-15T00:00:00.000-05:00",
      "isCustomAssignment": false,
      "isEditedAssignment": false,
      "lastModified": "2018-11-15T11:03:00.000-05:00",
      "letterGrade": "A+",
      "markingPeriodId": "462",
      "maxGrade": 20,
      "name": "Topic 2: Lesson 1: The Atmosphere Around You: p. 48-54: In-text Assignments",
      "percentGrade": 100,
      "status": "GRADED",
      "studentGrade": 20.0
    },
    {
      "assigned": "2018-11-08T00:00:00.000-05:00",
      "category": "Classwork/Homework",
      "description": "This assignment is completed via Pearson Realize for homework. Read questions carefully, and don`t forget to click submit.",
      "due": "2018-11-13T00:00:00.000-05:00",
      "isCustomAssignment": false,
      "isEditedAssignment": false,
      "lastModified": "2018-11-13T13:14:00.000-05:00",
      "letterGrade": "A+",
      "markingPeriodId": "462",
      "maxGrade": 10,
      "name": "Topic 2: Quest Kickoff: Preparing a Plan (H.W.) Pearson Realize",
      "percentGrade": 100,
      "status": "GRADED",
      "studentGrade": 10.0
    },
    {
      "assigned": "2018-11-05T00:00:00.000-05:00",
      "category": "Classwork/Homework",
      "description": "This assignment will be for homework, which is why you are given a week, despite presentations happening around it.",
      "due": "2018-11-13T00:00:00.000-05:00",
      "isCustomAssignment": false,
      "isEditedAssignment": false,
      "lastModified": "2018-11-13T11:08:00.000-05:00",
      "letterGrade": "A+",
      "markingPeriodId": "462",
      "maxGrade": 30,
      "name": "Clean Water Week Poster Contest: Imagine a Day Without Water",
      "percentGrade": 100,
      "status": "GRADED",
      "studentGrade": 30.0
    },
    {
      "assigned": "2018-11-05T00:00:00.000-05:00",
      "category": "Major Assessments",
      "description": "See rubric for expectations. (In project packet, pg. 12)",
      "due": "2018-11-09T00:00:00.000-05:00",
      "isCustomAssignment": false,
      "isEditedAssignment": false,
      "lastModified": "2018-11-09T14:02:00.000-05:00",
      "letterGrade": "A+",
      "markingPeriodId": "462",
      "maxGrade": 24,
      "name": "ExploraVision Oral Presentation Score",
      "percentGrade": 100,
      "status": "GRADED",
      "studentGrade": 24.0
    },
    {
      "assigned": "2018-11-08T00:00:00.000-05:00",
      "category": "Classwork/Homework",
      "description": "This is just to see what you already know, versus what you do not know. You are getting a completion grade, it is not a real test.",
      "due": "2018-11-08T00:00:00.000-05:00",
      "isCustomAssignment": false,
      "isEditedAssignment": false,
      "lastModified": "2018-11-08T10:59:00.000-05:00",
      "letterGrade": "A+",
      "markingPeriodId": "462",
      "maxGrade": 10,
      "name": "Topic 2: Readiness Test: Weather in the Atmosphere (IN CLASS) Pearson Realize",
      "percentGrade": 100,
      "status": "GRADED",
      "studentGrade": 10.0
    },
    {
      "assigned": "2018-11-05T00:00:00.000-05:00",
      "category": "Participation and Arriving Prepared for Class",
      "description": "Please make sure to bring a device to class today.",
      "due": "2018-11-08T00:00:00.000-05:00",
      "isCustomAssignment": false,
      "isEditedAssignment": false,
      "lastModified": "2018-11-08T10:58:00.000-05:00",
      "markingPeriodId": "462",
      "maxGrade": -1,
      "name": "BRING DEVICE TO CLASS THURSDAY",
      "percentGrade": -1,
      "status": "PASS",
      "studentGrade": -1.0
    },
    {
      "assigned": "2018-10-31T00:00:00.000-04:00",
      "category": "Participation and Arriving Prepared for Class",
      "description": "- Please make last minute revisions, by apply feedback given by your peers.\n- You will also be given time to prepare for your project presentation. You will be using your group`s web pages as your visual.",
      "due": "2018-11-01T00:00:00.000-04:00",
      "isCustomAssignment": false,
      "isEditedAssignment": false,
      "lastModified": "2018-11-02T08:05:00.000-04:00",
      "markingPeriodId": "462",
      "maxGrade": -1,
      "name": "ExploraVision Step #11: Check-in: Revisions (initial project due)",
      "percentGrade": -1,
      "status": "PASS",
      "studentGrade": -1.0
    },
    {
      "assigned": "2018-10-04T00:00:00.000-04:00",
      "category": "Major Assessments",
      "description": "See rubric expectations on teamwork.",
      "due": "2018-11-01T00:00:00.000-04:00",
      "isCustomAssignment": false,
      "isEditedAssignment": false,
      "lastModified": "2018-11-30T14:51:00.000-05:00",
      "letterGrade": "C-",
      "markingPeriodId": "462",
      "maxGrade": 27,
      "name": "ExploraVision: My Total Teamwork Grade",
      "percentGrade": 70,
      "status": "GRADED",
      "studentGrade": 19.0
    },
    {
      "assigned": "2018-10-04T00:00:00.000-04:00",
      "category": "Major Assessments",
      "description": "See project rubrics for details on expectations.",
      "due": "2018-11-01T00:00:00.000-04:00",
      "isCustomAssignment": false,
      "isEditedAssignment": false,
      "lastModified": "2018-11-30T14:52:00.000-05:00",
      "letterGrade": "B-",
      "markingPeriodId": "462",
      "maxGrade": 54,
      "name": "ExploraVision: Official Project Grade",
      "percentGrade": 81,
      "status": "GRADED",
      "studentGrade": 44.0
    },
    {
      "assigned": "2018-10-29T00:00:00.000-04:00",
      "category": "Participation and Arriving Prepared for Class",
      "description": "- Groups will share their document using comments only feature for peer feedback. Each group will need to provide positive but helpful critical feedback to the project document of the group assigned by Mrs. Rohr and - - Mrs. Phillips. It is very important to give peer feedback, as sometimes peers will catch something you missed. It will also help you think differently about your own group`s project. (See handout attached for additional copies)",
      "due": "2018-10-31T00:00:00.000-04:00",
      "isCustomAssignment": false,
      "isEditedAssignment": false,
      "lastModified": "2018-11-02T08:05:00.000-04:00",
      "markingPeriodId": "462",
      "maxGrade": -1,
      "name": "ExploraVision Step #10: Check-in: Peer Reviews",
      "percentGrade": -1,
      "status": "PASS",
      "studentGrade": -1.0
    },
    {
      "assigned": "2018-10-26T00:00:00.000-04:00",
      "category": "Participation and Arriving Prepared for Class",
      "description": "- Take your first draft document and create the final draft document, using the Google Docs template provided by Mrs. Rohr and Mrs. Phillips; “Final Draft Document (Make a Copy)” \n- You are basically transferring your written information from the first draft document to the final draft document.\n- You will need to take each section of the first draft and put it on the correct page of the final draft. (When using the template this transition will be very simple and straightforward).\n- You will need to do some important editing. Please make sure each paragraph flows well into the next paragraph in a section. Also, check for opening and closing sentences. \n- Edit your work! This step is very important in developing your final draft document",
      "due": "2018-10-29T00:00:00.000-04:00",
      "isCustomAssignment": false,
      "isEditedAssignment": false,
      "lastModified": "2018-10-29T10:40:00.000-04:00",
      "markingPeriodId": "462",
      "maxGrade": -1,
      "name": "ExploraVision Step #9: Check-in: Creating Final Draft",
      "percentGrade": -1,
      "status": "PASS",
      "studentGrade": -1.0
    },
    {
      "assigned": "2018-10-22T00:00:00.000-04:00",
      "category": "Participation and Arriving Prepared for Class",
      "description": "- Complete your first draft of abstract, bibliography, and web pages. \n- You will learn how to write an abstract and bibliography with Mrs. Rohr.\n\n- You will work with Mrs. Phillips on how to create 5 web page samples using Google Slides.\n“One web page should be devoted to a model or visual representation of the technology that could be used to create a prototype for display. The model should help others visualize the design and communicate design features.”- ExploraVision brochure\n- Your first draft should be completed digitally once the abstract, bibliography, and web pages are complete.",
      "due": "2018-10-26T00:00:00.000-04:00",
      "isCustomAssignment": false,
      "isEditedAssignment": false,
      "lastModified": "2018-10-26T10:36:00.000-04:00",
      "markingPeriodId": "462",
      "maxGrade": -1,
      "name": "ExploraVision Step #8: Check-in: Part IV First Draft: Abstract, Bibliography, and Web Pages",
      "percentGrade": -1,
      "status": "PASS",
      "studentGrade": -1.0
    },
    {
      "assigned": "2018-10-19T00:00:00.000-04:00",
      "category": "Participation and Arriving Prepared for Class",
      "description": "- Complete first draft of the consequences, and breakthroughs.",
      "due": "2018-10-22T00:00:00.000-04:00",
      "isCustomAssignment": false,
      "isEditedAssignment": false,
      "lastModified": "2018-10-26T10:36:00.000-04:00",
      "markingPeriodId": "462",
      "maxGrade": -1,
      "name": "ExploraVision Step #7: Check-in: Part III First Draft: Consequences, and Breakthroughs",
      "percentGrade": -1,
      "status": "PASS",
      "studentGrade": -1.0
    },
    {
      "assigned": "2018-10-18T00:00:00.000-04:00",
      "category": "Participation and Arriving Prepared for Class",
      "description": "- What are three positive and three negative consequences of your future technology? \n- What breakthroughs are necessary to achieve your future technology? (Basically, what parts of your technology need to be improved, for your technology to work?)\n- What emerging technologies would be useful?\n- What is a test you can carry through to test out one of your breakthroughs? (This is something you create to see if your breakthrough actually works).",
      "due": "2018-10-19T00:00:00.000-04:00",
      "isCustomAssignment": false,
      "isEditedAssignment": false,
      "lastModified": "2018-10-19T10:40:00.000-04:00",
      "markingPeriodId": "462",
      "maxGrade": -1,
      "name": "ExploraVision Step #6: Check-in: Breakthroughs \u0026 Consequences",
      "percentGrade": -1,
      "status": "PASS",
      "studentGrade": -1.0
    },
    {
      "assigned": "2018-10-16T00:00:00.000-04:00",
      "category": "Participation and Arriving Prepared for Class",
      "description": "- Please write up your first draft of your future technology and design process.",
      "due": "2018-10-18T00:00:00.000-04:00",
      "isCustomAssignment": false,
      "isEditedAssignment": false,
      "lastModified": "2018-10-18T11:09:00.000-04:00",
      "markingPeriodId": "462",
      "maxGrade": -1,
      "name": "ExploraVision Step #5: Check-in: Part II First Draft: Future Technology and Design Process",
      "percentGrade": -1,
      "status": "PASS",
      "studentGrade": -1.0
    },
    {
      "assigned": "2018-10-15T00:00:00.000-04:00",
      "category": "Participation and Arriving Prepared for Class",
      "description": "1. Each team member needs to design what they think this future technology will look like in the future 20 years from now.  (What is your personal vision of this technology?) (You should have four different design options/visions, or three/four and a combination of all your ideas) You can make a list of ideas, or draw a simple model. (This is meant as a quick draft (10 minutes) to just help convince your group to go with your idea, you don`t need to add color).\n2. As a team, decide which of the four design options/visions you would like to use for the project. Or how you would like to combine many of your group`s ideas/features.\n3. Make a list of why each of the three alternative ideas were rejected by your team. (This list can go right into your research packet for design process and will be needed later for your first draft).\n- In conclusion, what what is your team`s vision for what this technology will be like in 20 years?\n- What scientific principles are involved in developing the technology?\n- Take time to discuss final technology you have decided to create, and include diagrams and detailed explanations. (You should be focusing more on the writing and rough sketches, as you will have an opportunity for a more detailed sketch when you are working on your final draft and webpages).",
      "due": "2018-10-16T00:00:00.000-04:00",
      "isCustomAssignment": false,
      "isEditedAssignment": false,
      "lastModified": "2018-10-16T10:47:00.000-04:00",
      "markingPeriodId": "462",
      "maxGrade": -1,
      "name": "ExploraVision Step #4: Check-in: Future Technology \u0026 Design Process",
      "percentGrade": -1,
      "status": "PASS",
      "studentGrade": -1.0
    },
    {
      "assigned": "2018-10-12T00:00:00.000-04:00",
      "category": "Participation and Arriving Prepared for Class",
      "description": "-Your group will be given a document called “First Draft Document (Make a Copy)”. Each group needs just ONE copy of this document. Your whole group will be writing in the same document. To make a copy click “File” and “Make a Copy”. Please save your document as the title of your group`s project. You will be using this documents for all parts of your first draft. (Please remember, we can review all editing history).\n-Please write up your first draft of your present technology, and history of technology.",
      "due": "2018-10-15T00:00:00.000-04:00",
      "isCustomAssignment": false,
      "isEditedAssignment": false,
      "lastModified": "2018-10-15T10:49:00.000-04:00",
      "markingPeriodId": "462",
      "maxGrade": -1,
      "name": "ExploraVision Step #3: Check-in: Part I First Draft: Present Technology, and History of Technology",
      "percentGrade": -1,
      "status": "PASS",
      "studentGrade": -1.0
    },
    {
      "assigned": "2018-10-10T00:00:00.000-04:00",
      "category": "Participation and Arriving Prepared for Class",
      "description": "-You will be researching your technology. You will spend time in Engineering and Technology on how to conduct research and later on how to write a proper bibliography.\n-Please use the research \u0026 data collection packet to guide your research. It is very important that your notes are written in your packet, in your own words.\n-For now, ONLY research present technology and history of technology of chosen topic. (You will have plenty of time to research other topics later).\n-Start collecting your resources now to build your bibliography later. You need to keep track of ALL resources you use for your project. (You will get information to help you in Technology and Engineering in Step #8 for the bibliography)",
      "due": "2018-10-12T00:00:00.000-04:00",
      "isCustomAssignment": false,
      "isEditedAssignment": false,
      "lastModified": "2018-10-12T10:50:00.000-04:00",
      "markingPeriodId": "462",
      "maxGrade": -1,
      "name": "ExploraVision Step #2: Check-in: Initial Research: Present Technology \u0026 History",
      "percentGrade": -1,
      "status": "PASS",
      "studentGrade": -1.0
    },
    {
      "assigned": "2018-10-05T00:00:00.000-04:00",
      "category": "Classwork/Homework",
      "description": "This will be worked on during class and finished for homework.",
      "due": "2018-10-09T00:00:00.000-04:00",
      "isCustomAssignment": false,
      "isEditedAssignment": false,
      "lastModified": "2018-10-09T10:30:00.000-04:00",
      "letterGrade": "A+",
      "markingPeriodId": "462",
      "maxGrade": 10,
      "name": "ExploraVision Step #1: Group\u0027s Chosen Technology Assignment (handout) (p. 3)",
      "percentGrade": 100,
      "status": "GRADED",
      "studentGrade": 10.0
    },
    {
      "assigned": "2018-10-04T00:00:00.000-04:00",
      "category": "Participation and Arriving Prepared for Class",
      "description": "Group Members\nName of Technology\nOfficial Topic",
      "due": "2018-10-09T00:00:00.000-04:00",
      "isCustomAssignment": false,
      "isEditedAssignment": false,
      "lastModified": "2018-10-09T11:07:00.000-04:00",
      "markingPeriodId": "462",
      "maxGrade": -1,
      "name": "ExploraVision Step #1: Check-in: Group, Technology Name, \u0026 Official Topic Check In",
      "percentGrade": -1,
      "status": "PASS",
      "studentGrade": -1.0
    },
    {
      "assigned": "2018-10-04T00:00:00.000-04:00",
      "category": "Classwork/Homework",
      "description": "This will be completed for homework.",
      "due": "2018-10-05T00:00:00.000-04:00",
      "isCustomAssignment": false,
      "isEditedAssignment": false,
      "lastModified": "2018-10-05T10:31:00.000-04:00",
      "letterGrade": "A+",
      "markingPeriodId": "462",
      "maxGrade": 10,
      "name": "ExploraVision Step #1: Two Interesting Technologies HW Assignment (handout) (p. 2)",
      "percentGrade": 100,
      "status": "GRADED",
      "studentGrade": 10.0
    },
    {
      "assigned": "2018-10-04T00:00:00.000-04:00",
      "category": "Classwork/Homework",
      "description": "This is classwork.",
      "due": "2018-10-04T00:00:00.000-04:00",
      "isCustomAssignment": false,
      "isEditedAssignment": false,
      "lastModified": "2018-10-04T11:41:00.000-04:00",
      "letterGrade": "A+",
      "markingPeriodId": "462",
      "maxGrade": 10,
      "name": "ExploraVision Step #1: Existing Technology Assignment (handout) (p. 1)",
      "percentGrade": 100,
      "status": "GRADED",
      "studentGrade": 10.0
    },
    {
      "assigned": "2018-10-02T00:00:00.000-04:00",
      "category": "Lab related assignments",
      "description": "Planning #1(predict) \u003d 3pts (2 for response, 1 for complete sentence)\nPlanning #4 (design sketches) \u003d  5 pts (Label materials \u0026 features)\nPlanning #5 (create procedure) \u003d  5 pts (-1 if you don`t write complete sentences)\nPlanning #6 (observation table) \u003d 2 points\nPlanning #7 (construct watershed group work) \u003d  10 pts\nQUESTIONS: Analyze \u0026 Interpret Data:\n#1-4 (3 points each, 2 for correct answer, 1 for complete sentence)\n3 its x 4 \u003d 12 pts",
      "due": "2018-10-04T00:00:00.000-04:00",
      "isCustomAssignment": false,
      "isEditedAssignment": false,
      "lastModified": "2018-10-16T13:43:00.000-04:00",
      "letterGrade": "A",
      "markingPeriodId": "462",
      "maxGrade": 37,
      "name": "Topic 1: U Demonstrate Lab: Do It Yourself, Modeling a Watershed (2 Days, classwork, Que. H.W. 10/3)",
      "percentGrade": 93,
      "status": "GRADED",
      "studentGrade": 34.5
    },
    {
      "assigned": "2018-10-01T00:00:00.000-04:00",
      "category": "Major Assessments",
      "due": "2018-10-01T00:00:00.000-04:00",
      "isCustomAssignment": false,
      "isEditedAssignment": false,
      "lastModified": "2018-10-10T09:51:00.000-04:00",
      "letterGrade": "A",
      "markingPeriodId": "462",
      "maxGrade": 29,
      "name": "Topic 1: Introduction to Earth\u0027s System: Test",
      "percentGrade": 93,
      "status": "GRADED",
      "studentGrade": 27.0
    },
    {
      "assigned": "2018-09-28T00:00:00.000-04:00",
      "category": "Participation and Arriving Prepared for Class",
      "due": "2018-10-01T00:00:00.000-04:00",
      "isCustomAssignment": false,
      "isEditedAssignment": false,
      "lastModified": "2018-10-01T10:29:00.000-04:00",
      "markingPeriodId": "462",
      "maxGrade": -1,
      "name": "Bring Device \u0026 Novel to class",
      "percentGrade": -1,
      "status": "PASS",
      "studentGrade": -1.0
    },
    {
      "assigned": "2018-09-28T00:00:00.000-04:00",
      "category": "Classwork/Homework",
      "description": "Must finish in class, or by the end of study hall. We will be going over the answers and discussing/reflecting in class.",
      "due": "2018-09-28T00:00:00.000-04:00",
      "isCustomAssignment": false,
      "isEditedAssignment": false,
      "lastModified": "2018-09-28T11:07:00.000-04:00",
      "letterGrade": "A+",
      "markingPeriodId": "462",
      "maxGrade": 10,
      "name": "Topic 1: Topic Close: Quest Findings: Reflect on Forest Fires (Pearson Realize)",
      "percentGrade": 100,
      "status": "GRADED",
      "studentGrade": 10.0
    },
    {
      "assigned": "2018-09-27T00:00:00.000-04:00",
      "category": "Classwork/Homework",
      "due": "2018-09-28T00:00:00.000-04:00",
      "isCustomAssignment": false,
      "isEditedAssignment": false,
      "lastModified": "2018-09-28T11:07:00.000-04:00",
      "letterGrade": "A+",
      "markingPeriodId": "462",
      "maxGrade": 20,
      "name": "Topic 1: Introduction to Earth\u0027s System: Review and Assess: Textbook pg. 36-39 (classwork!)",
      "percentGrade": 100,
      "status": "GRADED",
      "studentGrade": 20.0
    },
    {
      "assigned": "2018-09-27T00:00:00.000-04:00",
      "category": "Classwork/Homework",
      "due": "2018-09-28T00:00:00.000-04:00",
      "isCustomAssignment": false,
      "isEditedAssignment": false,
      "lastModified": "2018-09-28T10:31:00.000-04:00",
      "letterGrade": "A+",
      "markingPeriodId": "462",
      "maxGrade": 20,
      "name": "Topic 1: Lesson 3: The Hydrosphere: Case Study: The Case of the Shrinking Sea: p. 34-35 of textbook",
      "percentGrade": 100,
      "status": "GRADED",
      "studentGrade": 20.0
    },
    {
      "assigned": "2018-09-26T00:00:00.000-04:00",
      "category": "Lab related assignments",
      "due": "2018-09-27T00:00:00.000-04:00",
      "isCustomAssignment": false,
      "isEditedAssignment": false,
      "lastModified": "2018-10-01T13:36:00.000-04:00",
      "letterGrade": "A",
      "markingPeriodId": "462",
      "maxGrade": 21,
      "name": "Topic 1: Lesson 3: The Hydrosphere: Virtual Lab: Changes in the Water Cycle (Pearson Realize)",
      "percentGrade": 93,
      "status": "GRADED",
      "studentGrade": 19.5
    },
    {
      "assigned": "2018-09-26T00:00:00.000-04:00",
      "category": "Participation and Arriving Prepared for Class",
      "description": "Please review the binder check rubric  and my sample binder prior to this date. (Sample binder is always available).",
      "due": "2018-09-26T00:00:00.000-04:00",
      "isCustomAssignment": false,
      "isEditedAssignment": false,
      "lastModified": "2018-09-26T10:56:00.000-04:00",
      "letterGrade": "A+",
      "markingPeriodId": "462",
      "maxGrade": 10,
      "name": "Binder Check #1",
      "percentGrade": 100,
      "status": "GRADED",
      "studentGrade": 10.0
    },
    {
      "assigned": "2018-09-25T00:00:00.000-04:00",
      "category": "Major Assessments",
      "due": "2018-09-26T00:00:00.000-04:00",
      "isCustomAssignment": false,
      "isEditedAssignment": false,
      "lastModified": "2018-09-27T14:28:00.000-04:00",
      "letterGrade": "A-",
      "markingPeriodId": "462",
      "maxGrade": 11,
      "name": "Topic 1: Lesson 3: The Hydrosphere: Open-Notebook Quiz: The Hydrosphere (Pearson Realize)",
      "percentGrade": 91,
      "status": "GRADED",
      "studentGrade": 10.0
    },
    {
      "assigned": "2018-09-25T00:00:00.000-04:00",
      "category": "Classwork/Homework",
      "due": "2018-09-26T00:00:00.000-04:00",
      "isCustomAssignment": false,
      "isEditedAssignment": false,
      "lastModified": "2018-09-26T10:59:00.000-04:00",
      "letterGrade": "A+",
      "markingPeriodId": "462",
      "maxGrade": 10,
      "name": "Topic 1: Lesson 3: The Hydrosphere: Interactivity: The Water Cycle (Pearson Realize)",
      "percentGrade": 100,
      "status": "GRADED",
      "studentGrade": 10.0
    },
    {
      "assigned": "2018-09-24T00:00:00.000-04:00",
      "category": "Writing Connection Writing rubrics",
      "due": "2018-09-26T00:00:00.000-04:00",
      "isCustomAssignment": false,
      "isEditedAssignment": false,
      "lastModified": "2018-09-27T09:47:00.000-04:00",
      "letterGrade": "A",
      "markingPeriodId": "462",
      "maxGrade": 4,
      "name": "Topic 1: Lesson 3: The Hydrosphere: Writing Connection: Writing Rubric",
      "percentGrade": 95,
      "status": "GRADED",
      "studentGrade": 3.799999952316284
    },
    {
      "assigned": "2018-09-24T00:00:00.000-04:00",
      "category": "Writing Connection Questions",
      "due": "2018-09-26T00:00:00.000-04:00",
      "isCustomAssignment": false,
      "isEditedAssignment": false,
      "lastModified": "2018-09-27T09:47:00.000-04:00",
      "letterGrade": "A+",
      "markingPeriodId": "462",
      "maxGrade": 10,
      "name": "Topic 1: Lesson 3: The Hydrosphere: Writing Connection (handout)",
      "percentGrade": 100,
      "status": "GRADED",
      "studentGrade": 10.0
    },
    {
      "assigned": "2018-09-20T00:00:00.000-04:00",
      "category": "Participation and Arriving Prepared for Class",
      "due": "2018-09-26T00:00:00.000-04:00",
      "isCustomAssignment": false,
      "isEditedAssignment": false,
      "lastModified": "2018-09-26T10:55:00.000-04:00",
      "markingPeriodId": "462",
      "maxGrade": -1,
      "name": "Bring device to class on Wednesday! (Stop \u0026 sign out Chromebook if needed, on your way to class)",
      "percentGrade": -1,
      "status": "PASS",
      "studentGrade": -1.0
    },
    {
      "assigned": "2018-09-24T00:00:00.000-04:00",
      "category": "Classwork/Homework",
      "due": "2018-09-25T00:00:00.000-04:00",
      "isCustomAssignment": false,
      "isEditedAssignment": false,
      "lastModified": "2018-09-25T10:48:00.000-04:00",
      "letterGrade": "A+",
      "markingPeriodId": "462",
      "maxGrade": 10,
      "name": "Topic 1: Lesson 3: The Hydrosphere: p. 33, Lesson 3 Check \u0026 Quest Check-in (Textbook)",
      "percentGrade": 100,
      "status": "GRADED",
      "studentGrade": 10.0
    },
    {
      "assigned": "2018-09-24T00:00:00.000-04:00",
      "category": "Participation and Arriving Prepared for Class",
      "description": "If you need a copy of the notes, you can find them here.",
      "due": "2018-09-25T00:00:00.000-04:00",
      "isCustomAssignment": false,
      "isEditedAssignment": false,
      "lastModified": "2018-09-25T10:47:00.000-04:00",
      "markingPeriodId": "462",
      "maxGrade": -1,
      "name": "Topic 1: Lesson 3: The Hydrosphere: Scaffolded Notes (handout)",
      "percentGrade": -1,
      "status": "PASS",
      "studentGrade": -1.0
    },
    {
      "assigned": "2018-09-20T00:00:00.000-04:00",
      "category": "Classwork/Homework",
      "description": "Pearson Realize",
      "due": "2018-09-24T00:00:00.000-04:00",
      "isCustomAssignment": false,
      "isEditedAssignment": false,
      "lastModified": "2018-09-24T11:07:00.000-04:00",
      "letterGrade": "A+",
      "markingPeriodId": "462",
      "maxGrade": 10,
      "name": "Topic 1: Lesson 3: The Hydrosphere: Quest Check-In Interactivity: Impact on the Hydrosphere",
      "percentGrade": 100,
      "status": "GRADED",
      "studentGrade": 10.0
    },
    {
      "assigned": "2018-09-20T00:00:00.000-04:00",
      "category": "Classwork/Homework",
      "due": "2018-09-24T00:00:00.000-04:00",
      "isCustomAssignment": false,
      "isEditedAssignment": false,
      "lastModified": "2018-09-24T11:07:00.000-04:00",
      "letterGrade": "A+",
      "markingPeriodId": "462",
      "maxGrade": 20,
      "name": "Topic 1: Lesson 3: The Hydrosphere: In-Text Assignments While Reading p. 24-32",
      "percentGrade": 100,
      "status": "GRADED",
      "studentGrade": 20.0
    },
    {
      "assigned": "2018-09-20T00:00:00.000-04:00",
      "category": "Classwork/Homework",
      "due": "2018-09-21T00:00:00.000-04:00",
      "isCustomAssignment": false,
      "isEditedAssignment": false,
      "lastModified": "2018-09-21T10:31:00.000-04:00",
      "letterGrade": "A+",
      "markingPeriodId": "462",
      "maxGrade": 10,
      "name": "Topic 1: Lesson 3: The Hydrosphere: Pearson Realize Informational Video",
      "percentGrade": 100,
      "status": "GRADED",
      "studentGrade": 10.0
    },
    {
      "assigned": "2018-09-18T00:00:00.000-04:00",
      "category": "Lab related assignments",
      "description": "Procedure #1 - 3 points (model)\nProcedure #2 - 2 points\nProcedure #3 - 2 points\nProcedure #4 - 4 points\nThink it Over: 3 points each (total 9 points) (1 complete sentence, 2 correct answer)",
      "due": "2018-09-20T00:00:00.000-04:00",
      "isCustomAssignment": false,
      "isEditedAssignment": false,
      "lastModified": "2018-09-20T12:03:00.000-04:00",
      "letterGrade": "A+",
      "markingPeriodId": "462",
      "maxGrade": 20,
      "name": "Topic 1: Lesson 2: U Investigate Lab: Surface Features",
      "percentGrade": 100,
      "status": "GRADED",
      "studentGrade": 20.0
    },
    {
      "assigned": "2018-09-17T00:00:00.000-04:00",
      "category": "Major Assessments",
      "description": "Pearson Realize digital assessment.",
      "due": "2018-09-18T00:00:00.000-04:00",
      "isCustomAssignment": false,
      "isEditedAssignment": false,
      "lastModified": "2018-09-19T12:24:00.000-04:00",
      "letterGrade": "A-",
      "markingPeriodId": "462",
      "maxGrade": 11,
      "name": "Topic 1: Lesson 2: Quiz: Surface Features in the Geosphere (Pearson Realize, Open-Note)",
      "percentGrade": 91,
      "status": "GRADED",
      "studentGrade": 10.0
    },
    {
      "assigned": "2018-09-14T00:00:00.000-04:00",
      "category": "Classwork/Homework",
      "due": "2018-09-17T00:00:00.000-04:00",
      "isCustomAssignment": false,
      "isEditedAssignment": false,
      "lastModified": "2018-09-17T11:03:00.000-04:00",
      "letterGrade": "A+",
      "markingPeriodId": "462",
      "maxGrade": 10,
      "name": "Topic 1: Lesson 2: Enrichment: Topographic Maps (Handout)",
      "percentGrade": 100,
      "status": "GRADED",
      "studentGrade": 10.0
    },
    {
      "assigned": "2018-09-14T00:00:00.000-04:00",
      "category": "Classwork/Homework",
      "due": "2018-09-17T00:00:00.000-04:00",
      "isCustomAssignment": false,
      "isEditedAssignment": false,
      "lastModified": "2018-09-17T10:58:00.000-04:00",
      "letterGrade": "A+",
      "markingPeriodId": "462",
      "maxGrade": 10,
      "name": "Topic 1: Lesson 2: Interactivity: Constr. \u0026 Destruct. Forces (Pearson Realize)",
      "percentGrade": 100,
      "status": "GRADED",
      "studentGrade": 10.0
    },
    {
      "assigned": "2018-09-14T00:00:00.000-04:00",
      "category": "Classwork/Homework",
      "due": "2018-09-17T00:00:00.000-04:00",
      "isCustomAssignment": false,
      "isEditedAssignment": false,
      "lastModified": "2018-09-17T10:58:00.000-04:00",
      "letterGrade": "A+",
      "markingPeriodId": "462",
      "maxGrade": 10,
      "name": "Topic 1: Lesson 2: Interactivity: Maps and Methods (Pearson Realize)",
      "percentGrade": 100,
      "status": "GRADED",
      "studentGrade": 10.0
    },
    {
      "assigned": "2018-09-13T00:00:00.000-04:00",
      "category": "Classwork/Homework",
      "due": "2018-09-17T00:00:00.000-04:00",
      "isCustomAssignment": false,
      "isEditedAssignment": false,
      "lastModified": "2018-09-17T11:02:00.000-04:00",
      "letterGrade": "A+",
      "markingPeriodId": "462",
      "maxGrade": 10,
      "name": "Topic 1: Lesson 2: Surface Features in the Geosphere: Lesson 2 Check \u0026 quest check in p. 22",
      "percentGrade": 100,
      "status": "GRADED",
      "studentGrade": 10.0
    },
    {
      "assigned": "2018-09-13T00:00:00.000-04:00",
      "category": "Writing Connection Writing rubrics",
      "due": "2018-09-17T00:00:00.000-04:00",
      "isCustomAssignment": false,
      "isEditedAssignment": false,
      "lastModified": "2018-09-18T12:19:00.000-04:00",
      "letterGrade": "A+",
      "markingPeriodId": "462",
      "maxGrade": 4,
      "name": "Topic 1: Lesson 2: Surface Features in the Geosphere: Writing Connection: Writing Rubric: (Handout)",
      "percentGrade": 100,
      "status": "GRADED",
      "studentGrade": 4.0
    },
    {
      "assigned": "2018-09-13T00:00:00.000-04:00",
      "category": "Writing Connection Questions",
      "due": "2018-09-17T00:00:00.000-04:00",
      "isCustomAssignment": false,
      "isEditedAssignment": false,
      "lastModified": "2018-09-18T12:19:00.000-04:00",
      "letterGrade": "B-",
      "markingPeriodId": "462",
      "maxGrade": 10,
      "name": "Topic 1: Lesson 2: Surface Features in the Geosphere: Writing Connection (Handout)",
      "percentGrade": 80,
      "status": "GRADED",
      "studentGrade": 8.0
    },
    {
      "assigned": "2018-09-13T00:00:00.000-04:00",
      "category": "Classwork/Homework",
      "due": "2018-09-13T00:00:00.000-04:00",
      "isCustomAssignment": false,
      "isEditedAssignment": false,
      "lastModified": "2018-09-13T11:10:00.000-04:00",
      "markingPeriodId": "462",
      "maxGrade": -1,
      "name": "Topic 1: Lesson 2: Surface Features in the Geosphere: Notes Presentation (Taking Scaffolded Notes)",
      "percentGrade": -1,
      "status": "PASS",
      "studentGrade": -1.0
    },
    {
      "assigned": "2018-09-12T00:00:00.000-04:00",
      "category": "Classwork/Homework",
      "due": "2018-09-13T00:00:00.000-04:00",
      "isCustomAssignment": false,
      "isEditedAssignment": false,
      "lastModified": "2018-09-13T11:11:00.000-04:00",
      "letterGrade": "A+",
      "markingPeriodId": "462",
      "maxGrade": 10,
      "name": "Topic 1: Lesson 2: Surface Features in the Geosphere: Informational Video (Pearson Realize)",
      "percentGrade": 100,
      "status": "GRADED",
      "studentGrade": 10.0
    },
    {
      "assigned": "2018-09-11T00:00:00.000-04:00",
      "category": "Classwork/Homework",
      "description": "Complete this on Pearson Realize",
      "due": "2018-09-13T00:00:00.000-04:00",
      "isCustomAssignment": false,
      "isEditedAssignment": false,
      "lastModified": "2018-09-13T11:10:00.000-04:00",
      "letterGrade": "A+",
      "markingPeriodId": "462",
      "maxGrade": 10,
      "name": "Topic 1: Lesson 2: Quest Check-In Interactivity: Disrupting Geosphere (Pearson Realize)",
      "percentGrade": 100,
      "status": "GRADED",
      "studentGrade": 10.0
    },
    {
      "assigned": "2018-09-11T00:00:00.000-04:00",
      "category": "Classwork/Homework",
      "description": "These assignments will be complete while reading textbook pages 12-21.",
      "due": "2018-09-13T00:00:00.000-04:00",
      "isCustomAssignment": false,
      "isEditedAssignment": false,
      "lastModified": "2018-09-13T12:03:00.000-04:00",
      "letterGrade": "A+",
      "markingPeriodId": "462",
      "maxGrade": 20,
      "name": "Topic 1: Lesson 2: Surface Features in the Geosphere: In-text assignments, while reading p. 12-21",
      "percentGrade": 100,
      "status": "GRADED",
      "studentGrade": 20.0
    },
    {
      "assigned": "2018-09-10T00:00:00.000-04:00",
      "category": "Lab related assignments",
      "due": "2018-09-11T00:00:00.000-04:00",
      "isCustomAssignment": false,
      "isEditedAssignment": false,
      "lastModified": "2018-09-11T15:08:00.000-04:00",
      "letterGrade": "A+",
      "markingPeriodId": "462",
      "maxGrade": 10,
      "name": "Topic 1: Lesson 1: Matter and Energy in Earth\u0027s System: Connect Activity Lab: Interactions Actions",
      "percentGrade": 100,
      "status": "GRADED",
      "studentGrade": 10.0
    },
    {
      "assigned": "2018-09-10T00:00:00.000-04:00",
      "category": "Classwork/Homework",
      "description": "This is only worked on in class and will be submitted by end of class. This is only a classwork grade this time.\nUpdate: Due to unplanned family emergency, this assignment was completed as homework for many students. Will not be marked late if turned in by Friday 9/14.",
      "due": "2018-09-11T00:00:00.000-04:00",
      "isCustomAssignment": false,
      "isEditedAssignment": false,
      "lastModified": "2018-09-11T10:22:00.000-04:00",
      "letterGrade": "A+",
      "markingPeriodId": "462",
      "maxGrade": 11,
      "name": "Topic 1: Lesson 1: Important Open Note (IN CLASS \u0026 HW) Quiz (Pearson Realize)",
      "percentGrade": 100,
      "status": "GRADED",
      "studentGrade": 11.0
    },
    {
      "assigned": "2018-09-07T00:00:00.000-04:00",
      "category": "Classwork/Homework",
      "due": "2018-09-10T00:00:00.000-04:00",
      "isCustomAssignment": false,
      "isEditedAssignment": false,
      "lastModified": "2018-09-10T10:59:00.000-04:00",
      "letterGrade": "A+",
      "markingPeriodId": "462",
      "maxGrade": 10,
      "name": "Topic 1: Lesson 1: Matter and Energy in Earth\u0027s System: Enrichment: Hydrosphere (Handout)",
      "percentGrade": 100,
      "status": "GRADED",
      "studentGrade": 10.0
    },
    {
      "assigned": "2018-09-07T00:00:00.000-04:00",
      "category": "Classwork/Homework",
      "due": "2018-09-10T00:00:00.000-04:00",
      "isCustomAssignment": false,
      "isEditedAssignment": false,
      "lastModified": "2018-09-10T11:00:00.000-04:00",
      "letterGrade": "A+",
      "markingPeriodId": "462",
      "maxGrade": 10,
      "name": "Topic 1: Lesson 1: Interactivity: Describing Systems (Pearson Realize)",
      "percentGrade": 100,
      "status": "GRADED",
      "studentGrade": 10.0
    },
    {
      "assigned": "2018-09-06T00:00:00.000-04:00",
      "category": "Classwork/Homework",
      "description": "This video is about 2 minutes long and extremely helpful. Please watch the video on Pearson Realize.",
      "due": "2018-09-07T00:00:00.000-04:00",
      "isCustomAssignment": false,
      "isEditedAssignment": false,
      "lastModified": "2018-09-07T10:58:00.000-04:00",
      "letterGrade": "A+",
      "markingPeriodId": "462",
      "maxGrade": 10,
      "name": "Topic 1: Lesson 1: Matter and Energy in Earth\u0027s System: Information Video (Pearson Realize)",
      "percentGrade": 100,
      "status": "GRADED",
      "studentGrade": 10.0
    },
    {
      "assigned": "2018-09-06T00:00:00.000-04:00",
      "category": "Classwork/Homework",
      "due": "2018-09-07T00:00:00.000-04:00",
      "isCustomAssignment": false,
      "isEditedAssignment": false,
      "lastModified": "2018-09-07T10:54:00.000-04:00",
      "letterGrade": "A+",
      "markingPeriodId": "462",
      "maxGrade": 10,
      "name": "Topic 1: Lesson 1: Matter and Energy in Earth\u0027s System: Lesson 1 Check (Que. #1-5, Quest) (Textbook)",
      "percentGrade": 100,
      "status": "GRADED",
      "studentGrade": 10.0
    },
    {
      "assigned": "2018-09-06T00:00:00.000-04:00",
      "category": "Classwork/Homework",
      "due": "2018-09-07T00:00:00.000-04:00",
      "isCustomAssignment": false,
      "isEditedAssignment": false,
      "lastModified": "2018-09-07T10:55:00.000-04:00",
      "letterGrade": "A+",
      "markingPeriodId": "462",
      "maxGrade": 10,
      "name": "Topic 1: Lesson 1: Matter and Energy in Earth\u0027s System: Quest Check-in (Pearson Realize)",
      "percentGrade": 100,
      "status": "GRADED",
      "studentGrade": 10.0
    },
    {
      "assigned": "2018-09-05T00:00:00.000-04:00",
      "category": "Writing Connection Writing rubrics",
      "due": "2018-09-07T00:00:00.000-04:00",
      "isCustomAssignment": false,
      "isEditedAssignment": false,
      "lastModified": "2018-09-09T15:20:00.000-04:00",
      "letterGrade": "B+",
      "markingPeriodId": "462",
      "maxGrade": 4,
      "name": "Topic 1: Lesson 1: Matter and Energy in Earth\u0027s System: Writing Connection Question: Writing Rubric",
      "percentGrade": 88,
      "status": "GRADED",
      "studentGrade": 3.5
    },
    {
      "assigned": "2018-09-05T00:00:00.000-04:00",
      "category": "Writing Connection Questions",
      "due": "2018-09-07T00:00:00.000-04:00",
      "isCustomAssignment": false,
      "isEditedAssignment": false,
      "lastModified": "2018-09-09T15:20:00.000-04:00",
      "letterGrade": "A+",
      "markingPeriodId": "462",
      "maxGrade": 10,
      "name": "Topic 1: Lesson 1: Matter and Energy in Earth\u0027s System: Writing Connection Question (Handout)",
      "percentGrade": 100,
      "status": "GRADED",
      "studentGrade": 10.0
    },
    {
      "assigned": "2018-09-06T00:00:00.000-04:00",
      "category": "Classwork/Homework",
      "due": "2018-09-06T00:00:00.000-04:00",
      "isCustomAssignment": false,
      "isEditedAssignment": false,
      "lastModified": "2018-09-06T14:31:00.000-04:00",
      "markingPeriodId": "462",
      "maxGrade": -1,
      "name": "topic 1: Lesson 1: Matter and Energy in Earth\u0027s System: Notes",
      "percentGrade": -1,
      "status": "PASS",
      "studentGrade": -1.0
    },
    {
      "assigned": "2018-09-05T00:00:00.000-04:00",
      "category": "Classwork/Homework",
      "description": "Complete all the assignments found in the physical textbook while reading as a class (finish for homework).\nPage 4-9 ONLY",
      "due": "2018-09-06T00:00:00.000-04:00",
      "isCustomAssignment": false,
      "isEditedAssignment": false,
      "lastModified": "2018-09-06T11:09:00.000-04:00",
      "letterGrade": "A+",
      "markingPeriodId": "462",
      "maxGrade": 20,
      "name": "Topic 1: Lesson 1: Matter and Energy in Earth\u0027s System: Assignments to complete while Reading (Book)",
      "percentGrade": 100,
      "status": "GRADED",
      "studentGrade": 20.0
    },
    {
      "assigned": "2018-08-30T00:00:00.000-04:00",
      "category": "Classwork/Homework",
      "due": "2018-09-05T00:00:00.000-04:00",
      "isCustomAssignment": false,
      "isEditedAssignment": false,
      "lastModified": "2018-09-09T15:23:00.000-04:00",
      "letterGrade": "C",
      "markingPeriodId": "462",
      "maxGrade": 20,
      "name": "Topic 1: Intro. to Earth\u0027s Systems: U Connect Lab: Earth\u0027s System Interactions (In Class)",
      "percentGrade": 75,
      "status": "GRADED",
      "studentGrade": 15.0
    },
    {
      "assigned": "2018-08-27T00:00:00.000-04:00",
      "category": "Participation and Arriving Prepared for Class",
      "description": "Did you set up your science binder following instructions given in class several days in a row or check the binder check rubric to see how to set up your binder on your own?",
      "due": "2018-09-05T00:00:00.000-04:00",
      "isCustomAssignment": false,
      "isEditedAssignment": false,
      "lastModified": "2018-09-05T10:44:00.000-04:00",
      "letterGrade": "A+",
      "markingPeriodId": "462",
      "maxGrade": 10,
      "name": "Science Binder Set Up!",
      "percentGrade": 100,
      "status": "GRADED",
      "studentGrade": 10.0
    },
    {
      "assigned": "2018-08-29T00:00:00.000-04:00",
      "category": "Classwork/Homework",
      "due": "2018-09-04T00:00:00.000-04:00",
      "isCustomAssignment": false,
      "isEditedAssignment": false,
      "lastModified": "2018-09-04T10:26:00.000-04:00",
      "letterGrade": "A+",
      "markingPeriodId": "462",
      "maxGrade": 10,
      "name": "Pearson Realize: Navigating your digital course",
      "percentGrade": 100,
      "status": "GRADED",
      "studentGrade": 10.0
    },
    {
      "assigned": "2018-08-29T00:00:00.000-04:00",
      "category": "Classwork/Homework",
      "due": "2018-08-30T00:00:00.000-04:00",
      "isCustomAssignment": false,
      "isEditedAssignment": false,
      "lastModified": "2018-08-30T10:58:00.000-04:00",
      "letterGrade": "A+",
      "markingPeriodId": "462",
      "maxGrade": 10,
      "name": "Topic 1: Intro. to Earth\u0027s Systems: Quest Kickoff (Digital)",
      "percentGrade": 100,
      "status": "GRADED",
      "studentGrade": 10.0
    },
    {
      "assigned": "2018-08-28T00:00:00.000-04:00",
      "category": "Classwork/Homework",
      "due": "2018-08-30T00:00:00.000-04:00",
      "isCustomAssignment": false,
      "isEditedAssignment": false,
      "lastModified": "2018-08-30T10:56:00.000-04:00",
      "letterGrade": "A+",
      "markingPeriodId": "462",
      "maxGrade": 10,
      "name": "Pearson Realize: Earth Science: Course Letter Home",
      "percentGrade": 100,
      "status": "GRADED",
      "studentGrade": 10.0
    },
    {
      "assigned": "2018-08-27T00:00:00.000-04:00",
      "category": "Participation and Arriving Prepared for Class",
      "description": "Syllabus should be in the front of your science binder, plus can be found on my Google website.",
      "due": "2018-08-30T00:00:00.000-04:00",
      "isCustomAssignment": false,
      "isEditedAssignment": false,
      "lastModified": "2018-08-30T10:56:00.000-04:00",
      "letterGrade": "A+",
      "markingPeriodId": "462",
      "maxGrade": 10,
      "name": "Read Syllabus with Parents \u0026 SIGN",
      "percentGrade": 100,
      "status": "GRADED",
      "studentGrade": 10.0
    },
    {
      "assigned": "2018-08-29T00:00:00.000-04:00",
      "category": "Classwork/Homework",
      "description": "This will just be an assignment to see what you already know.",
      "due": "2018-08-29T00:00:00.000-04:00",
      "isCustomAssignment": false,
      "isEditedAssignment": false,
      "lastModified": "2018-08-30T08:11:00.000-04:00",
      "letterGrade": "A+",
      "markingPeriodId": "462",
      "maxGrade": 10,
      "name": "Topic 1: Intro. to Earth\u0027s Systems Readiness Test",
      "percentGrade": 100,
      "status": "GRADED",
      "studentGrade": 10.0
    }
  ],
  "categories": [
    {
      "letterGrade": "A+",
      "name": "Classwork/Homework",
      "percentGrade": 98,
      "percentWeight": 10
    },
    {
      "letterGrade": "A",
      "name": "Lab related assignments",
      "percentGrade": 95,
      "percentWeight": 35
    },
    {
      "letterGrade": "B+",
      "name": "Major Assessments",
      "percentGrade": 88,
      "percentWeight": 40
    },
    {
      "letterGrade": "A+",
      "name": "Participation and Arriving Prepared for Class",
      "percentGrade": 100,
      "percentWeight": 5
    },
    {
      "letterGrade": "A+",
      "name": "Writing Connection Questions",
      "percentGrade": 97,
      "percentWeight": 5
    },
    {
      "letterGrade": "A",
      "name": "Writing Connection Writing rubrics",
      "percentGrade": 96,
      "percentWeight": 5
    }
  ],
  "id": "11749",
  "letterGrade": "A",
  "name": "Course 5",
  "percentGrade": 93,
  "period": "3",
  "teacher": "Teacher 5",
  "currentMarkingPeriod": {
    "id": "462",
    "name": "Sem1GradeBook",
    "selected": true,
    "year": 2018
  },
  "markingPeriodYears": [
    2013,
    2014,
    2015,
    2016,
    2017,
    2018,
    2019
  ],
  "markingPeriods": [
    {
      "id": "462",
      "name": "Sem1GradeBook",
      "selected": true,
      "year": 2018
    },
    {
      "id": "461",
      "name": "Sem2GradeBook",
      "selected": false,
      "year": 2018
    }
  ]
}