{
  "assignments": [
    {
      "assigned": "2018-12-01T00:00:00.000-05:00",
      "category": "Participation",
      "due": "2018-12-20T00:00:00.000-05:00",
      "isCustomAssignment": false,
      "isEditedAssignment": false,
      "lastModified": "2018-12-22T16:14:00.000-05:00",
      "letterGrade": "A+",
      "markingPeriodId": "462",
      "maxGrade": 10,
      "name": "December Participation",
      "percentGrade": 100,
      "status": "GRADED",
      "studentGrade": 10.0
    },
    {
      "assigned": "2018-11-27T00:00:00.000-05:00",
      "category": "Quizzes",
      "due": "2018-12-17T00:00:00.000-05:00",
      "isCustomAssignment": false,
      "isEditedAssignment": false,
      "lastModified": "2018-12-22T15:50:00.000-05:00",
      "letterGrade": "A+",
      "markingPeriodId": "462",
      "maxGrade": 6,
      "name": "Final Scratch Assessment",
      "percentGrade": 100,
      "status": "GRADED",
      "studentGrade": 6.0
    },
    {
      "assigned": "2018-11-26T00:00:00.000-05:00",
      "category": "Projects",
      "due": "2018-12-17T00:00:00.000-05:00",
      "isCustomAssignment": false,
      "isEditedAssignment": false,
      "lastModified": "2018-12-13T13:18:00.000-05:00",
      "letterGrade": "A+",
      "markingPeriodId": "462",
      "maxGrade": 20,
      "name": "Final Scratch Project",
      "percentGrade": 100,
      "status": "GRADED",
      "studentGrade": 20.0
    },
    {
      "assigned": "2018-11-26T00:00:00.000-05:00",
      "category": "Journal/Binder",
      "description": "turn in 12/13 for 3 bonus pts and 10 tickets\n\nturn in 12/14 for 2 bonus pts and 5 tickets\n\nThese point will be added at the end of the semester\n\nCan not have more than 3 things missing or out of place",
      "due": "2018-12-17T00:00:00.000-05:00",
      "isCustomAssignment": false,
      "isEditedAssignment": false,
      "lastModified": "2018-12-13T13:44:00.000-05:00",
      "letterGrade": "A+",
      "markingPeriodId": "462",
      "maxGrade": 27,
      "name": "Binder check 12/17/18",
      "percentGrade": 100,
      "status": "GRADED",
      "studentGrade": 27.0
    },
    {
      "assigned": "2018-11-26T00:00:00.000-05:00",
      "category": "Quizzes",
      "due": "2018-12-14T00:00:00.000-05:00",
      "isCustomAssignment": false,
      "isEditedAssignment": false,
      "lastModified": "2018-12-14T14:25:00.000-05:00",
      "letterGrade": "A",
      "markingPeriodId": "462",
      "maxGrade": 15,
      "name": "Chapter 5/6 Scratch Quiz",
      "percentGrade": 93,
      "status": "GRADED",
      "studentGrade": 14.0
    },
    {
      "assigned": "2018-11-27T00:00:00.000-05:00",
      "category": "Homework",
      "due": "2018-12-13T00:00:00.000-05:00",
      "isCustomAssignment": false,
      "isEditedAssignment": false,
      "lastModified": "2018-12-13T13:20:00.000-05:00",
      "letterGrade": "A+",
      "markingPeriodId": "462",
      "maxGrade": 10,
      "name": "Email Assignment 16",
      "percentGrade": 100,
      "status": "GRADED",
      "studentGrade": 10.0
    },
    {
      "assigned": "2018-11-26T00:00:00.000-05:00",
      "category": "Classwork",
      "due": "2018-12-13T00:00:00.000-05:00",
      "isCustomAssignment": false,
      "isEditedAssignment": false,
      "lastModified": "2018-12-13T13:19:00.000-05:00",
      "letterGrade": "A+",
      "markingPeriodId": "462",
      "maxGrade": 10,
      "name": "Guess My Coordinates Game - Chapter 6",
      "percentGrade": 100,
      "status": "GRADED",
      "studentGrade": 10.0
    },
    {
      "assigned": "2018-11-26T00:00:00.000-05:00",
      "category": "Homework",
      "due": "2018-12-12T00:00:00.000-05:00",
      "isCustomAssignment": false,
      "isEditedAssignment": false,
      "lastModified": "2018-12-13T13:19:00.000-05:00",
      "letterGrade": "A+",
      "markingPeriodId": "462",
      "maxGrade": 12,
      "name": "Chapter 6 - Scratch Questions",
      "percentGrade": 100,
      "status": "GRADED",
      "studentGrade": 12.0
    },
    {
      "assigned": "2018-11-26T00:00:00.000-05:00",
      "category": "Classwork",
      "due": "2018-12-11T00:00:00.000-05:00",
      "isCustomAssignment": false,
      "isEditedAssignment": false,
      "lastModified": "2018-12-07T14:11:00.000-05:00",
      "letterGrade": "A+",
      "markingPeriodId": "462",
      "maxGrade": 10,
      "name": "Whac-A-Mole - Chapter 5",
      "percentGrade": 100,
      "status": "GRADED",
      "studentGrade": 10.0
    },
    {
      "assigned": "2018-11-26T00:00:00.000-05:00",
      "category": "Classwork",
      "due": "2018-12-10T00:00:00.000-05:00",
      "isCustomAssignment": false,
      "isEditedAssignment": false,
      "lastModified": "2018-12-07T14:11:00.000-05:00",
      "letterGrade": "A+",
      "markingPeriodId": "462",
      "maxGrade": 5,
      "name": "Clone ID \u0026 Clone Global Var",
      "percentGrade": 100,
      "status": "GRADED",
      "studentGrade": 5.0
    },
    {
      "assigned": "2018-11-26T00:00:00.000-05:00",
      "category": "Classwork",
      "due": "2018-12-10T00:00:00.000-05:00",
      "isCustomAssignment": false,
      "isEditedAssignment": false,
      "lastModified": "2018-12-07T14:10:00.000-05:00",
      "letterGrade": "A+",
      "markingPeriodId": "462",
      "maxGrade": 10,
      "name": "Dice Simulator Game - Chapter 5",
      "percentGrade": 100,
      "status": "GRADED",
      "studentGrade": 10.0
    },
    {
      "assigned": "2018-11-26T00:00:00.000-05:00",
      "category": "Homework",
      "due": "2018-12-10T00:00:00.000-05:00",
      "isCustomAssignment": false,
      "isEditedAssignment": false,
      "lastModified": "2018-12-13T13:18:00.000-05:00",
      "letterGrade": "A+",
      "markingPeriodId": "462",
      "maxGrade": 12,
      "name": "Chapter 5 - Scratch Questions",
      "percentGrade": 100,
      "status": "GRADED",
      "studentGrade": 12.0
    },
    {
      "assigned": "2018-11-27T00:00:00.000-05:00",
      "category": "Homework",
      "due": "2018-12-07T00:00:00.000-05:00",
      "isCustomAssignment": false,
      "isEditedAssignment": false,
      "lastModified": "2018-12-11T15:01:00.000-05:00",
      "letterGrade": "A-",
      "markingPeriodId": "462",
      "maxGrade": 10,
      "name": "Email Assignment 15",
      "percentGrade": 90,
      "status": "GRADED",
      "studentGrade": 9.0
    },
    {
      "assigned": "2018-11-26T00:00:00.000-05:00",
      "category": "Quizzes",
      "due": "2018-12-07T00:00:00.000-05:00",
      "isCustomAssignment": false,
      "isEditedAssignment": false,
      "lastModified": "2018-12-11T14:59:00.000-05:00",
      "letterGrade": "B+",
      "markingPeriodId": "462",
      "maxGrade": 15,
      "name": "Chapter 3/4 Scratch Quiz",
      "percentGrade": 87,
      "status": "GRADED",
      "studentGrade": 13.0
    },
    {
      "assigned": "2018-11-26T00:00:00.000-05:00",
      "category": "Classwork",
      "due": "2018-12-06T00:00:00.000-05:00",
      "isCustomAssignment": false,
      "isEditedAssignment": false,
      "lastModified": "2018-12-06T13:47:00.000-05:00",
      "letterGrade": "A+",
      "markingPeriodId": "462",
      "maxGrade": 5,
      "name": "Flowers - Chapter 4",
      "percentGrade": 100,
      "status": "GRADED",
      "studentGrade": 5.0
    },
    {
      "assigned": "2018-11-26T00:00:00.000-05:00",
      "category": "Classwork",
      "due": "2018-12-06T00:00:00.000-05:00",
      "isCustomAssignment": false,
      "isEditedAssignment": false,
      "lastModified": "2018-12-06T13:46:00.000-05:00",
      "letterGrade": "A+",
      "markingPeriodId": "462",
      "maxGrade": 10,
      "name": "Pressure Under Water Game - Chapter 4",
      "percentGrade": 100,
      "status": "GRADED",
      "studentGrade": 10.0
    },
    {
      "assigned": "2018-11-26T00:00:00.000-05:00",
      "category": "Homework",
      "due": "2018-12-04T00:00:00.000-05:00",
      "isCustomAssignment": false,
      "isEditedAssignment": false,
      "lastModified": "2018-12-13T13:17:00.000-05:00",
      "letterGrade": "A-",
      "markingPeriodId": "462",
      "maxGrade": 12,
      "name": "Chapter 4 - Scratch Questions",
      "percentGrade": 92,
      "status": "GRADED",
      "studentGrade": 11.0
    },
    {
      "assigned": "2018-11-26T00:00:00.000-05:00",
      "category": "Classwork",
      "due": "2018-12-03T00:00:00.000-05:00",
      "isCustomAssignment": false,
      "isEditedAssignment": false,
      "lastModified": "2018-12-06T13:46:00.000-05:00",
      "letterGrade": "A+",
      "markingPeriodId": "462",
      "maxGrade": 5,
      "name": "Fireworks - Chapter 3",
      "percentGrade": 100,
      "status": "GRADED",
      "studentGrade": 5.0
    },
    {
      "assigned": "2018-11-26T00:00:00.000-05:00",
      "category": "Classwork",
      "due": "2018-12-03T00:00:00.000-05:00",
      "isCustomAssignment": false,
      "isEditedAssignment": false,
      "lastModified": "2018-12-06T13:45:00.000-05:00",
      "letterGrade": "A+",
      "markingPeriodId": "462",
      "maxGrade": 10,
      "name": "Dancing on the Stage Game - Chapter 3",
      "percentGrade": 100,
      "status": "GRADED",
      "studentGrade": 10.0
    },
    {
      "assigned": "2018-11-26T00:00:00.000-05:00",
      "category": "Homework",
      "due": "2018-12-03T00:00:00.000-05:00",
      "isCustomAssignment": false,
      "isEditedAssignment": false,
      "lastModified": "2018-12-11T14:59:00.000-05:00",
      "letterGrade": "A+",
      "markingPeriodId": "462",
      "maxGrade": 12,
      "name": "Chapter 3 - Scratch Questions",
      "percentGrade": 100,
      "status": "GRADED",
      "studentGrade": 12.0
    },
    {
      "assigned": "2018-11-27T00:00:00.000-05:00",
      "category": "Homework",
      "due": "2018-11-30T00:00:00.000-05:00",
      "isCustomAssignment": false,
      "isEditedAssignment": false,
      "lastModified": "2018-12-11T15:01:00.000-05:00",
      "letterGrade": "A+",
      "markingPeriodId": "462",
      "maxGrade": 10,
      "name": "Email Assignment 14",
      "percentGrade": 100,
      "status": "GRADED",
      "studentGrade": 10.0
    },
    {
      "assigned": "2018-11-26T00:00:00.000-05:00",
      "category": "Quizzes",
      "due": "2018-11-30T00:00:00.000-05:00",
      "isCustomAssignment": false,
      "isEditedAssignment": false,
      "lastModified": "2018-12-06T13:43:00.000-05:00",
      "letterGrade": "A+",
      "markingPeriodId": "462",
      "maxGrade": 15,
      "name": "Chapter 1/2 Scratch Quiz",
      "percentGrade": 100,
      "status": "GRADED",
      "studentGrade": 15.0
    },
    {
      "assigned": "2018-11-01T00:00:00.000-04:00",
      "category": "Participation",
      "due": "2018-11-30T00:00:00.000-05:00",
      "isCustomAssignment": false,
      "isEditedAssignment": false,
      "lastModified": "2018-12-06T13:41:00.000-05:00",
      "letterGrade": "A",
      "markingPeriodId": "462",
      "maxGrade": 15,
      "name": "November Participation",
      "percentGrade": 93,
      "status": "GRADED",
      "studentGrade": 14.0
    },
    {
      "assigned": "2018-11-26T00:00:00.000-05:00",
      "category": "Classwork",
      "due": "2018-11-29T00:00:00.000-05:00",
      "isCustomAssignment": false,
      "isEditedAssignment": false,
      "lastModified": "2018-12-06T13:42:00.000-05:00",
      "letterGrade": "A+",
      "markingPeriodId": "462",
      "maxGrade": 10,
      "name": "Get the Money Game - Chapter 2",
      "percentGrade": 100,
      "status": "GRADED",
      "studentGrade": 10.0
    },
    {
      "assigned": "2018-11-26T00:00:00.000-05:00",
      "category": "Homework",
      "due": "2018-11-28T00:00:00.000-05:00",
      "isCustomAssignment": false,
      "isEditedAssignment": false,
      "lastModified": "2018-12-11T14:55:00.000-05:00",
      "letterGrade": "A+",
      "markingPeriodId": "462",
      "maxGrade": 12,
      "name": "Chapter 2 Scratch Questions",
      "percentGrade": 100,
      "status": "GRADED",
      "studentGrade": 12.0
    },
    {
      "assigned": "2018-11-26T00:00:00.000-05:00",
      "category": "Classwork",
      "due": "2018-11-27T00:00:00.000-05:00",
      "isCustomAssignment": false,
      "isEditedAssignment": false,
      "lastModified": "2018-12-06T13:42:00.000-05:00",
      "letterGrade": "A+",
      "markingPeriodId": "462",
      "maxGrade": 10,
      "name": "Ping Pong Game - Chapter 1",
      "percentGrade": 100,
      "status": "GRADED",
      "studentGrade": 10.0
    },
    {
      "assigned": "2018-11-20T00:00:00.000-05:00",
      "category": "Classwork",
      "due": "2018-11-20T00:00:00.000-05:00",
      "isCustomAssignment": false,
      "isEditedAssignment": false,
      "lastModified": "2018-11-25T20:25:00.000-05:00",
      "letterGrade": "A+",
      "markingPeriodId": "462",
      "maxGrade": 12,
      "name": "Snow Day Assigment 2 11-20-18 Scratch Chapter 1 Worksheet",
      "percentGrade": 100,
      "status": "GRADED",
      "studentGrade": 12.0
    },
    {
      "assigned": "2018-11-19T00:00:00.000-05:00",
      "category": "Homework",
      "due": "2018-11-20T00:00:00.000-05:00",
      "isCustomAssignment": false,
      "isEditedAssignment": false,
      "lastModified": "2018-11-25T20:13:00.000-05:00",
      "letterGrade": "A+",
      "markingPeriodId": "462",
      "maxGrade": 10,
      "name": "Email Assignment 13",
      "percentGrade": 100,
      "status": "GRADED",
      "studentGrade": 10.0
    },
    {
      "assigned": "2018-11-16T00:00:00.000-05:00",
      "category": "Classwork",
      "due": "2018-11-16T00:00:00.000-05:00",
      "isCustomAssignment": false,
      "isEditedAssignment": false,
      "lastModified": "2018-11-25T20:10:00.000-05:00",
      "letterGrade": "A+",
      "markingPeriodId": "462",
      "maxGrade": 42,
      "name": "Google Classroom - Stock Market Assignment",
      "percentGrade": 100,
      "status": "GRADED",
      "studentGrade": 42.0
    },
    {
      "assigned": "2018-11-15T00:00:00.000-05:00",
      "category": "Classwork",
      "due": "2018-11-16T00:00:00.000-05:00",
      "isCustomAssignment": false,
      "isEditedAssignment": false,
      "lastModified": "2018-11-25T20:13:00.000-05:00",
      "letterGrade": "A+",
      "markingPeriodId": "462",
      "maxGrade": 12,
      "name": "Exit Ticket Stock Market",
      "percentGrade": 100,
      "status": "GRADED",
      "studentGrade": 12.0
    },
    {
      "assigned": "2018-11-15T00:00:00.000-05:00",
      "category": "Homework",
      "due": "2018-11-16T00:00:00.000-05:00",
      "isCustomAssignment": false,
      "isEditedAssignment": false,
      "lastModified": "2018-11-25T20:09:00.000-05:00",
      "letterGrade": "A+",
      "markingPeriodId": "462",
      "maxGrade": 10,
      "name": "Email Assignment 12",
      "percentGrade": 100,
      "status": "GRADED",
      "studentGrade": 10.0
    },
    {
      "assigned": "2018-11-14T00:00:00.000-05:00",
      "category": "Classwork",
      "due": "2018-11-15T00:00:00.000-05:00",
      "isCustomAssignment": false,
      "isEditedAssignment": false,
      "lastModified": "2018-11-25T20:12:00.000-05:00",
      "letterGrade": "A+",
      "markingPeriodId": "462",
      "maxGrade": 25,
      "name": "Think - Pair - Share stock market articles",
      "percentGrade": 100,
      "status": "GRADED",
      "studentGrade": 25.0
    },
    {
      "assigned": "2018-11-13T00:00:00.000-05:00",
      "category": "Homework",
      "description": "Assignment in Google Classroom",
      "due": "2018-11-14T00:00:00.000-05:00",
      "isCustomAssignment": false,
      "isEditedAssignment": false,
      "lastModified": "2018-11-25T20:09:00.000-05:00",
      "letterGrade": "A",
      "markingPeriodId": "462",
      "maxGrade": 30,
      "name": "Old Technology Reflection",
      "percentGrade": 93,
      "status": "GRADED",
      "studentGrade": 28.0
    },
    {
      "assigned": "2018-11-08T00:00:00.000-05:00",
      "category": "Classwork",
      "description": "worksheets are 10 points each",
      "due": "2018-11-13T00:00:00.000-05:00",
      "isCustomAssignment": false,
      "isEditedAssignment": false,
      "lastModified": "2018-11-25T20:08:00.000-05:00",
      "letterGrade": "A+",
      "markingPeriodId": "462",
      "maxGrade": 30,
      "name": "Stem Wordsearch Worksheets",
      "percentGrade": 100,
      "status": "GRADED",
      "studentGrade": 30.0
    },
    {
      "assigned": "2018-11-09T00:00:00.000-05:00",
      "category": "Homework",
      "due": "2018-11-12T00:00:00.000-05:00",
      "isCustomAssignment": false,
      "isEditedAssignment": false,
      "lastModified": "2018-11-25T20:08:00.000-05:00",
      "letterGrade": "A+",
      "markingPeriodId": "462",
      "maxGrade": 10,
      "name": "Email Assignment 11",
      "percentGrade": 100,
      "status": "GRADED",
      "studentGrade": 10.0
    },
    {
      "assigned": "2018-10-18T00:00:00.000-04:00",
      "category": "Projects",
      "due": "2018-11-09T00:00:00.000-05:00",
      "isCustomAssignment": false,
      "isEditedAssignment": false,
      "lastModified": "2018-11-30T14:44:00.000-05:00",
      "letterGrade": "B-",
      "markingPeriodId": "462",
      "maxGrade": 54,
      "name": "ExploraVision Grade",
      "percentGrade": 81,
      "status": "GRADED",
      "studentGrade": 44.0
    },
    {
      "assigned": "2018-10-18T00:00:00.000-04:00",
      "category": "Projects",
      "due": "2018-11-09T00:00:00.000-05:00",
      "isCustomAssignment": false,
      "isEditedAssignment": false,
      "lastModified": "2018-11-30T14:45:00.000-05:00",
      "letterGrade": "C-",
      "markingPeriodId": "462",
      "maxGrade": 27,
      "name": "ExploraVision Teamwork Grade",
      "percentGrade": 70,
      "status": "GRADED",
      "studentGrade": 19.0
    },
    {
      "assigned": "2018-10-18T00:00:00.000-04:00",
      "category": "Projects",
      "description": "This is an individual grade not a team grade.",
      "due": "2018-11-09T00:00:00.000-05:00",
      "isCustomAssignment": false,
      "isEditedAssignment": false,
      "lastModified": "2018-11-09T13:56:00.000-05:00",
      "letterGrade": "A+",
      "markingPeriodId": "462",
      "maxGrade": 24,
      "name": "ExploraVision Oral Presentation",
      "percentGrade": 100,
      "status": "GRADED",
      "studentGrade": 24.0
    },
    {
      "assigned": "2018-11-01T00:00:00.000-04:00",
      "category": "Homework",
      "due": "2018-11-02T00:00:00.000-04:00",
      "isCustomAssignment": false,
      "isEditedAssignment": false,
      "lastModified": "2018-11-02T11:49:00.000-04:00",
      "letterGrade": "A+",
      "markingPeriodId": "462",
      "maxGrade": 10,
      "name": "Email Assignment 10",
      "percentGrade": 100,
      "status": "GRADED",
      "studentGrade": 10.0
    },
    {
      "assigned": "2018-10-01T00:00:00.000-04:00",
      "category": "Participation",
      "due": "2018-10-31T00:00:00.000-04:00",
      "isCustomAssignment": false,
      "isEditedAssignment": false,
      "lastModified": "2018-10-31T13:34:00.000-04:00",
      "letterGrade": "A+",
      "markingPeriodId": "462",
      "maxGrade": 20,
      "name": "October Participation",
      "percentGrade": 100,
      "status": "GRADED",
      "studentGrade": 20.0
    },
    {
      "assigned": "2018-10-25T00:00:00.000-04:00",
      "category": "Homework",
      "due": "2018-10-26T00:00:00.000-04:00",
      "isCustomAssignment": false,
      "isEditedAssignment": false,
      "lastModified": "2018-10-31T11:02:00.000-04:00",
      "letterGrade": "A-",
      "markingPeriodId": "462",
      "maxGrade": 10,
      "name": "Email Assignment 9",
      "percentGrade": 90,
      "status": "GRADED",
      "studentGrade": 9.0
    },
    {
      "assigned": "2018-10-18T00:00:00.000-04:00",
      "category": "Homework",
      "due": "2018-10-19T00:00:00.000-04:00",
      "isCustomAssignment": false,
      "isEditedAssignment": false,
      "lastModified": "2018-10-19T15:00:00.000-04:00",
      "letterGrade": "A+",
      "markingPeriodId": "462",
      "maxGrade": 10,
      "name": "Email Assignment 8",
      "percentGrade": 100,
      "status": "GRADED",
      "studentGrade": 10.0
    },
    {
      "assigned": "2018-10-11T00:00:00.000-04:00",
      "category": "Homework",
      "due": "2018-10-12T00:00:00.000-04:00",
      "isCustomAssignment": false,
      "isEditedAssignment": false,
      "lastModified": "2018-10-19T15:00:00.000-04:00",
      "letterGrade": "A+",
      "markingPeriodId": "462",
      "maxGrade": 10,
      "name": "Email Assignment 7",
      "percentGrade": 100,
      "status": "GRADED",
      "studentGrade": 10.0
    },
    {
      "assigned": "2018-10-02T00:00:00.000-04:00",
      "category": "Journal/Binder",
      "due": "2018-10-10T00:00:00.000-04:00",
      "isCustomAssignment": false,
      "isEditedAssignment": false,
      "lastModified": "2018-10-10T14:59:00.000-04:00",
      "letterGrade": "A+",
      "markingPeriodId": "462",
      "maxGrade": 20,
      "name": "Binder Check",
      "percentGrade": 100,
      "status": "GRADED",
      "studentGrade": 20.0
    },
    {
      "assigned": "2018-10-04T00:00:00.000-04:00",
      "category": "Homework",
      "due": "2018-10-05T00:00:00.000-04:00",
      "isCustomAssignment": false,
      "isEditedAssignment": false,
      "lastModified": "2018-10-05T13:28:00.000-04:00",
      "letterGrade": "A+",
      "markingPeriodId": "462",
      "maxGrade": 10,
      "name": "Email Assignment 6",
      "percentGrade": 100,
      "status": "GRADED",
      "studentGrade": 10.0
    },
    {
      "assigned": "2018-10-02T00:00:00.000-04:00",
      "category": "Classwork",
      "description": "Will spend time in class for 2 days and then they will finish it at home if necessary.",
      "due": "2018-10-04T00:00:00.000-04:00",
      "isCustomAssignment": false,
      "isEditedAssignment": false,
      "lastModified": "2018-10-05T13:28:00.000-04:00",
      "letterGrade": "A+",
      "markingPeriodId": "462",
      "maxGrade": 15,
      "name": "Pixar Packet",
      "percentGrade": 100,
      "status": "GRADED",
      "studentGrade": 15.0
    },
    {
      "assigned": "2018-09-21T00:00:00.000-04:00",
      "category": "Projects",
      "due": "2018-10-02T00:00:00.000-04:00",
      "isCustomAssignment": false,
      "isEditedAssignment": false,
      "lastModified": "2018-10-05T13:26:00.000-04:00",
      "letterGrade": "A+",
      "markingPeriodId": "462",
      "maxGrade": 25,
      "name": "Team Building/Puzzle Making",
      "percentGrade": 100,
      "status": "GRADED",
      "studentGrade": 25.0
    },
    {
      "assigned": "2018-09-20T00:00:00.000-04:00",
      "category": "Projects",
      "due": "2018-10-02T00:00:00.000-04:00",
      "isCustomAssignment": false,
      "isEditedAssignment": false,
      "lastModified": "2018-10-05T13:27:00.000-04:00",
      "letterGrade": "A+",
      "markingPeriodId": "462",
      "maxGrade": 30,
      "name": "Team Work Grade - Puzzles",
      "percentGrade": 97,
      "status": "GRADED",
      "studentGrade": 29.0
    },
    {
      "assigned": "2018-09-25T00:00:00.000-04:00",
      "category": "Homework",
      "due": "2018-09-26T00:00:00.000-04:00",
      "isCustomAssignment": false,
      "isEditedAssignment": false,
      "lastModified": "2018-09-28T14:29:00.000-04:00",
      "letterGrade": "A+",
      "markingPeriodId": "462",
      "maxGrade": 10,
      "name": "Email Assignment 5",
      "percentGrade": 100,
      "status": "GRADED",
      "studentGrade": 10.0
    },
    {
      "assigned": "2018-09-20T00:00:00.000-04:00",
      "category": "Homework",
      "description": "Please see email from 9/20/18 for details of assignment.",
      "due": "2018-09-21T00:00:00.000-04:00",
      "isCustomAssignment": false,
      "isEditedAssignment": false,
      "lastModified": "2018-09-28T14:28:00.000-04:00",
      "letterGrade": "A",
      "markingPeriodId": "462",
      "maxGrade": 10,
      "name": "Steps for making a jigsaw puzzle",
      "percentGrade": 95,
      "status": "GRADED",
      "studentGrade": 9.5
    },
    {
      "assigned": "2018-09-20T00:00:00.000-04:00",
      "category": "Classwork",
      "due": "2018-09-21T00:00:00.000-04:00",
      "isCustomAssignment": false,
      "isEditedAssignment": false,
      "lastModified": "2018-09-28T14:27:00.000-04:00",
      "letterGrade": "A+",
      "markingPeriodId": "462",
      "maxGrade": 10,
      "name": "Cards for Military",
      "percentGrade": 100,
      "status": "GRADED",
      "studentGrade": 10.0
    },
    {
      "assigned": "2018-09-17T00:00:00.000-04:00",
      "category": "Homework",
      "due": "2018-09-18T00:00:00.000-04:00",
      "isCustomAssignment": false,
      "isEditedAssignment": false,
      "lastModified": "2018-09-28T14:27:00.000-04:00",
      "letterGrade": "A+",
      "markingPeriodId": "462",
      "maxGrade": 10,
      "name": "Email Assignment 4",
      "percentGrade": 100,
      "status": "GRADED",
      "studentGrade": 10.0
    },
    {
      "assigned": "2018-09-13T00:00:00.000-04:00",
      "category": "Projects",
      "due": "2018-09-17T00:00:00.000-04:00",
      "isCustomAssignment": false,
      "isEditedAssignment": false,
      "lastModified": "2018-10-01T11:02:00.000-04:00",
      "letterGrade": "A+",
      "markingPeriodId": "462",
      "maxGrade": 45,
      "name": "Past technology Presentation",
      "percentGrade": 100,
      "status": "GRADED",
      "studentGrade": 45.0
    },
    {
      "assigned": "2018-09-13T00:00:00.000-04:00",
      "category": "Projects",
      "due": "2018-09-17T00:00:00.000-04:00",
      "isCustomAssignment": false,
      "isEditedAssignment": false,
      "lastModified": "2018-10-01T10:59:00.000-04:00",
      "letterGrade": "A-",
      "markingPeriodId": "462",
      "maxGrade": 30,
      "name": "Past technology Advertisement",
      "percentGrade": 90,
      "status": "GRADED",
      "studentGrade": 27.0
    },
    {
      "assigned": "2018-09-11T00:00:00.000-04:00",
      "category": "Homework",
      "due": "2018-09-12T00:00:00.000-04:00",
      "isCustomAssignment": false,
      "isEditedAssignment": false,
      "lastModified": "2018-09-28T14:25:00.000-04:00",
      "letterGrade": "C-",
      "markingPeriodId": "462",
      "maxGrade": 10,
      "name": "Email Assignment 3",
      "percentGrade": 70,
      "status": "GRADED",
      "studentGrade": 7.0
    },
    {
      "assigned": "2018-09-11T00:00:00.000-04:00",
      "category": "Quizzes",
      "due": "2018-09-11T00:00:00.000-04:00",
      "isCustomAssignment": false,
      "isEditedAssignment": false,
      "lastModified": "2018-09-28T14:26:00.000-04:00",
      "letterGrade": "A",
      "markingPeriodId": "462",
      "maxGrade": 15,
      "name": "Pop Quiz",
      "percentGrade": 93,
      "status": "GRADED",
      "studentGrade": 14.0
    },
    {
      "assigned": "2018-09-11T00:00:00.000-04:00",
      "category": "Classwork",
      "due": "2018-09-11T00:00:00.000-04:00",
      "isCustomAssignment": false,
      "isEditedAssignment": false,
      "lastModified": "2018-09-28T14:24:00.000-04:00",
      "letterGrade": "A-",
      "markingPeriodId": "462",
      "maxGrade": 10,
      "name": "Following Directions",
      "percentGrade": 90,
      "status": "GRADED",
      "studentGrade": 9.0
    },
    {
      "assigned": "2018-09-10T00:00:00.000-04:00",
      "category": "Homework",
      "due": "2018-09-11T00:00:00.000-04:00",
      "isCustomAssignment": false,
      "isEditedAssignment": false,
      "lastModified": "2018-09-28T14:25:00.000-04:00",
      "letterGrade": "A+",
      "markingPeriodId": "462",
      "maxGrade": 10,
      "name": "Evaluate a website",
      "percentGrade": 100,
      "status": "GRADED",
      "studentGrade": 10.0
    },
    {
      "assigned": "2018-09-10T00:00:00.000-04:00",
      "category": "Classwork",
      "due": "2018-09-10T00:00:00.000-04:00",
      "isCustomAssignment": false,
      "isEditedAssignment": false,
      "lastModified": "2018-10-05T13:24:00.000-04:00",
      "letterGrade": "A",
      "markingPeriodId": "462",
      "maxGrade": 25,
      "name": "Google Technology Skills",
      "percentGrade": 96,
      "status": "GRADED",
      "studentGrade": 24.0
    },
    {
      "assigned": "2018-09-06T00:00:00.000-04:00",
      "category": "Homework",
      "due": "2018-09-07T00:00:00.000-04:00",
      "isCustomAssignment": false,
      "isEditedAssignment": false,
      "lastModified": "2018-10-09T07:45:00.000-04:00",
      "letterGrade": "A+",
      "markingPeriodId": "462",
      "maxGrade": 25,
      "name": "Present technology Letter",
      "percentGrade": 100,
      "status": "GRADED",
      "studentGrade": 25.0
    },
    {
      "assigned": "2018-09-05T00:00:00.000-04:00",
      "category": "Homework",
      "description": "Can be done on paper or in Google Docs and shared with me",
      "due": "2018-09-06T00:00:00.000-04:00",
      "isCustomAssignment": false,
      "isEditedAssignment": false,
      "lastModified": "2018-09-07T07:25:00.000-04:00",
      "letterGrade": "A+",
      "markingPeriodId": "462",
      "maxGrade": 10,
      "name": "List of 10 pieces of technology",
      "percentGrade": 100,
      "status": "GRADED",
      "studentGrade": 10.0
    },
    {
      "assigned": "2018-09-04T00:00:00.000-04:00",
      "category": "Homework",
      "due": "2018-09-05T00:00:00.000-04:00",
      "isCustomAssignment": false,
      "isEditedAssignment": false,
      "lastModified": "2018-09-10T09:15:00.000-04:00",
      "letterGrade": "A+",
      "markingPeriodId": "462",
      "maxGrade": 10,
      "name": "Email Assignment 2",
      "percentGrade": 100,
      "status": "GRADED",
      "studentGrade": 10.0
    },
    {
      "assigned": "2018-08-29T00:00:00.000-04:00",
      "category": "Projects",
      "description": "Will work on in class 8/29 and 8/30",
      "due": "2018-09-04T00:00:00.000-04:00",
      "isCustomAssignment": false,
      "isEditedAssignment": false,
      "lastModified": "2018-09-07T07:25:00.000-04:00",
      "letterGrade": "A+",
      "markingPeriodId": "462",
      "maxGrade": 30,
      "name": "All About me",
      "percentGrade": 97,
      "status": "GRADED",
      "studentGrade": 29.0
    },
    {
      "assigned": "2018-08-28T00:00:00.000-04:00",
      "category": "Journal/Binder",
      "due": "2018-09-04T00:00:00.000-04:00",
      "isCustomAssignment": false,
      "isEditedAssignment": false,
      "lastModified": "2018-09-07T07:24:00.000-04:00",
      "letterGrade": "A+",
      "markingPeriodId": "462",
      "maxGrade": 10,
      "name": "Binder Set-up",
      "percentGrade": 100,
      "status": "GRADED",
      "studentGrade": 10.0
    },
    {
      "assigned": "2018-08-28T00:00:00.000-04:00",
      "category": "Homework",
      "due": "2018-08-29T00:00:00.000-04:00",
      "isCustomAssignment": false,
      "isEditedAssignment": false,
      "lastModified": "2018-09-10T09:14:00.000-04:00",
      "letterGrade": "A-",
      "markingPeriodId": "462",
      "maxGrade": 10,
      "name": "Email Assignment 1",
      "percentGrade": 90,
      "status": "GRADED",
      "studentGrade": 9.0
    },
    {
      "assigned": "2018-08-28T00:00:00.000-04:00",
      "category": "Homework",
      "description": "Will be starting in class on 8/28",
      "due": "2018-08-29T00:00:00.000-04:00",
      "isCustomAssignment": false,
      "isEditedAssignment": false,
      "lastModified": "2018-09-07T07:27:00.000-04:00",
      "letterGrade": "A+",
      "markingPeriodId": "462",
      "maxGrade": 20,
      "name": "Student Survey",
      "percentGrade": 100,
      "status": "GRADED",
      "studentGrade": 20.0
    },
    {
      "assigned": "2018-08-27T00:00:00.000-04:00",
      "category": "Homework",
      "due": "2018-08-29T00:00:00.000-04:00",
      "isCustomAssignment": false,
      "isEditedAssignment": false,
      "lastModified": "2018-09-07T07:24:00.000-04:00",
      "letterGrade": "A+",
      "markingPeriodId": "462",
      "maxGrade": 5,
      "name": "Signed Syllabus",
      "percentGrade": 100,
      "status": "GRADED",
      "studentGrade": 5.0
    },
    {
      "assigned": "2018-01-01T00:00:00.000-05:00",
      "category": "Participation",
      "due": "2018-01-23T00:00:00.000-05:00",
      "isCustomAssignment": false,
      "isEditedAssignment": false,
      "lastModified": "2018-01-01T00:00:00.000-05:00",
      "markingPeriodId": "462",
      "maxGrade": 15,
      "name": "January Participation",
      "percentGrade": -1,
      "status": "NOT_GRADED",
      "studentGrade": -1.0
    }
  ],
  "categories": [
    {
      "letterGrade": "A+",
      "name": "Classwork",
      "percentGrade": 99,
      "percentWeight": 15
    },
    {
      "letterGrade": "A+",
      "name": "Homework",
      "percentGrade": 97,
      "percentWeight": 15
    },
    {
      "letterGrade": "A+",
      "name": "Journal/Binder",
      "percentGrade": 100,
      "percentWeight": 10
    },
    {
      "letterGrade": "A+",
      "name": "Participation",
      "percentGrade": 98,
      "percentWeight": 10
    },
    {
      "letterGrade": "A-",
      "name": "Projects",
      "percentGrade": 92,
      "percentWeight": 35
    },
    {
      "letterGrade": "A",
      "name": "Quizzes",
      "percentGrade": 94,
      "percentWeight": 15
    }
  ],
  "id": "11754",
  "letterGrade": "A",
  "name": "Course 6",
  "percentGrade": 95,
  "period": "4",
  "teacher": "Teacher 6",
  "currentMarkingPeriod": {
    "id": "462",
    "name": "Sem1GradeBook",
    "selected": true,
    "year": 2018
  },
  "markingPeriodYears": [
    2013,
    2014,
    2015,
    2016,
    2017,
    2018,
    2019
  ],
  "markingPeriods": [
    {
      "id": "462",
      "name": "Sem1GradeBook",
      "selected": true,
      "year": 2018
    },
    {
      "id": "461",
      "name": "Sem2GradeBook",
      "selected": false,
      "year": 2018
    }
  ]
}