{
  "assignments": [
    {
      "assigned": "2018-12-11T00:00:00.000-05:00",
      "category": "Classwork",
      "description": "details are on my google classroom page Egypt Ch 4-2 Questions",
      "due": "2018-12-13T00:00:00.000-05:00",
      "isCustomAssignment": false,
      "isEditedAssignment": false,
      "lastModified": "2018-12-11T00:00:00.000-05:00",
      "markingPeriodId": "462",
      "maxGrade": 100,
      "name": "Egypt Ch 4-2 Questions",
      "percentGrade": -1,
      "status": "NOT_GRADED",
      "studentGrade": -1.0
    },
    {
      "assigned": "2018-12-10T00:00:00.000-05:00",
      "category": "Classwork",
      "description": "May work with a partner. Follow the directions on the document in my google classroom post \"Egypt Ch 4-1 Questions\".\nIf not finished in class, then needs to finish for homework. \nDUE AT THE BEGINNING OF EACH CLASS PERIOD ON TUESDAY, DEC. 11TH",
      "due": "2018-12-11T00:00:00.000-05:00",
      "isCustomAssignment": false,
      "isEditedAssignment": false,
      "lastModified": "2018-12-13T18:23:00.000-05:00",
      "letterGrade": "C+",
      "markingPeriodId": "462",
      "maxGrade": 100,
      "name": "Egypt Ch 4-1 Questions",
      "percentGrade": 77,
      "status": "GRADED",
      "studentGrade": 77.0
    },
    {
      "assigned": "2018-12-04T00:00:00.000-05:00",
      "category": "Classwork",
      "description": "Follow the directions on the Gods and Goddesses post of my google classroom page. On Thursday, Dec. 6th and Friday, Dec. 7th, Do you have the same info I have? activity.\nIf not finished in class, then needs to be finished for homework.\nDUE AT THE BEGINNING OF EACH CLASS PERIOD ON MONDAY, DEC. 10, 2018",
      "due": "2018-12-10T00:00:00.000-05:00",
      "isCustomAssignment": false,
      "isEditedAssignment": false,
      "lastModified": "2018-12-10T19:36:00.000-05:00",
      "letterGrade": "A+",
      "markingPeriodId": "462",
      "maxGrade": 100,
      "name": "Gods and Goddesses of Egypt",
      "percentGrade": 100,
      "status": "GRADED",
      "studentGrade": 100.0
    },
    {
      "assigned": "2018-12-03T00:00:00.000-05:00",
      "category": "Homework",
      "description": "Details found in the binder check post (including the Binder Check Rubric) on my google classroom page.",
      "due": "2018-12-04T00:00:00.000-05:00",
      "isCustomAssignment": false,
      "isEditedAssignment": false,
      "lastModified": "2018-12-06T18:34:00.000-05:00",
      "letterGrade": "A+",
      "markingPeriodId": "462",
      "maxGrade": 100,
      "name": "Binder Check",
      "percentGrade": 102,
      "status": "GRADED",
      "studentGrade": 102.0
    },
    {
      "assigned": "2018-11-16T00:00:00.000-05:00",
      "category": "Homework",
      "description": "Dear Awesome Sixth Grade Students,\nJust like I told you in class yesterday, the snow day assignment is to read the paragraphs then circle the answers to the questions on handout p.15 ☺.  Enjoy your first snow day ☺!!",
      "due": "2018-11-20T00:00:00.000-05:00",
      "isCustomAssignment": false,
      "isEditedAssignment": false,
      "lastModified": "2018-11-28T18:57:00.000-05:00",
      "letterGrade": "A+",
      "markingPeriodId": "462",
      "maxGrade": 100,
      "name": "Snow day assignment Nov. 16, 2018",
      "percentGrade": 100,
      "status": "GRADED",
      "studentGrade": 100.0
    },
    {
      "assigned": "2018-11-07T00:00:00.000-05:00",
      "category": "Tests/Projects",
      "description": "details can be found in google classroom post Mesopotamia Project",
      "due": "2018-11-13T00:00:00.000-05:00",
      "isCustomAssignment": false,
      "isEditedAssignment": false,
      "lastModified": "2018-11-28T12:10:00.000-05:00",
      "letterGrade": "A",
      "markingPeriodId": "462",
      "maxGrade": 100,
      "name": "Mesopotamia Project",
      "percentGrade": 93,
      "status": "GRADED",
      "studentGrade": 93.0
    },
    {
      "assigned": "2018-10-30T00:00:00.000-04:00",
      "category": "Tests/Projects",
      "description": "Students may use their textbook, handouts in their binders and their Mesopotamian Achievements document in google classroom to use as resources during the test.",
      "due": "2018-10-30T00:00:00.000-04:00",
      "isCustomAssignment": false,
      "isEditedAssignment": false,
      "lastModified": "2018-11-06T16:12:00.000-05:00",
      "letterGrade": "A+",
      "markingPeriodId": "462",
      "maxGrade": 100,
      "name": "Mesopotamia Test",
      "percentGrade": 98,
      "status": "GRADED",
      "studentGrade": 98.0
    },
    {
      "assigned": "2018-10-22T00:00:00.000-04:00",
      "category": "Participation",
      "description": "Mesopotamian Math Problems handout - solved the 5 problems",
      "due": "2018-10-22T00:00:00.000-04:00",
      "isCustomAssignment": false,
      "isEditedAssignment": false,
      "lastModified": "2018-10-23T11:21:00.000-04:00",
      "letterGrade": "A+",
      "markingPeriodId": "462",
      "maxGrade": 100,
      "name": "Mesopotamian Math Problems",
      "percentGrade": 100,
      "status": "GRADED",
      "studentGrade": 100.0
    },
    {
      "assigned": "2018-10-12T00:00:00.000-04:00",
      "category": "Homework",
      "description": "Follow the instructions I sent in the email - social studies homework for Friday, Oct. 12, 2018",
      "due": "2018-10-15T00:00:00.000-04:00",
      "isCustomAssignment": false,
      "isEditedAssignment": false,
      "lastModified": "2018-10-16T11:29:00.000-04:00",
      "letterGrade": "A+",
      "markingPeriodId": "462",
      "maxGrade": 100,
      "name": "social studies homework for Friday, Oct. 12, 2018",
      "percentGrade": 100,
      "status": "GRADED",
      "studentGrade": 100.0
    },
    {
      "assigned": "2018-10-12T00:00:00.000-04:00",
      "category": "Classwork",
      "description": "follow directions on google classroom post.  If assign. is not finished in class then it is to be finished for homework.",
      "due": "2018-10-12T00:00:00.000-04:00",
      "isCustomAssignment": false,
      "isEditedAssignment": false,
      "lastModified": "2018-10-26T20:16:00.000-04:00",
      "letterGrade": "A+",
      "markingPeriodId": "462",
      "maxGrade": 100,
      "name": "Homes in Sumer assign.",
      "percentGrade": 98,
      "status": "GRADED",
      "studentGrade": 98.0
    },
    {
      "assigned": "2018-10-03T00:00:00.000-04:00",
      "category": "Classwork",
      "description": "follow instructions on google classroom post Gods, Goddesses,  Demons \u0026 Monsters",
      "due": "2018-10-05T00:00:00.000-04:00",
      "isCustomAssignment": false,
      "isEditedAssignment": false,
      "lastModified": "2018-10-10T18:20:00.000-04:00",
      "letterGrade": "A+",
      "markingPeriodId": "462",
      "maxGrade": 100,
      "name": "Gods, Goddesses, Demons \u0026 Monsters handout",
      "percentGrade": 100,
      "status": "GRADED",
      "studentGrade": 100.0
    },
    {
      "assigned": "2018-09-26T00:00:00.000-04:00",
      "category": "Classwork",
      "description": "In textbook, read and discussed pages 58-61 (up to 1st column, paragraph 2).  Then went to google classroom post \"city-states of Sumer\" and did the assign.",
      "due": "2018-09-28T00:00:00.000-04:00",
      "isCustomAssignment": false,
      "isEditedAssignment": false,
      "lastModified": "2018-10-01T18:54:00.000-04:00",
      "letterGrade": "A+",
      "markingPeriodId": "462",
      "maxGrade": 100,
      "name": "City-states of Sumer assign.",
      "percentGrade": 97,
      "status": "GRADED",
      "studentGrade": 97.0
    },
    {
      "assigned": "2018-09-24T00:00:00.000-04:00",
      "category": "Classwork",
      "description": "Have students independently read the magazine KIDS DISCOVER MESOPOTAMIA then answer questions on the sheets “It`s in the Reading” and “Everything Visual”.  For question 9 on the sheet “It`s in the Reading,” remind students to answer with complete sentence.  In addition, on the sheet “Everything Visual, remind students to answer with complete sentences.”",
      "due": "2018-09-25T00:00:00.000-04:00",
      "isCustomAssignment": false,
      "isEditedAssignment": false,
      "lastModified": "2018-09-26T20:09:00.000-04:00",
      "letterGrade": "A+",
      "markingPeriodId": "462",
      "maxGrade": 100,
      "name": "Kids Discover Mesopotamia magazine worksheets",
      "percentGrade": 100,
      "status": "GRADED",
      "studentGrade": 100.0
    },
    {
      "assigned": "2018-09-21T00:00:00.000-04:00",
      "category": "Classwork",
      "description": "posted in google classroom - Jobs in Mesopotamia",
      "due": "2018-09-21T00:00:00.000-04:00",
      "isCustomAssignment": false,
      "isEditedAssignment": false,
      "lastModified": "2018-09-23T19:13:00.000-04:00",
      "letterGrade": "A+",
      "markingPeriodId": "462",
      "maxGrade": 100,
      "name": "Jobs in Mesopotamia",
      "percentGrade": 100,
      "status": "GRADED",
      "studentGrade": 100.0
    },
    {
      "assigned": "2018-09-18T00:00:00.000-04:00",
      "category": "Classwork",
      "description": "see posting for Understanding check for Mesopotamia p.54-57 in google classroom",
      "due": "2018-09-18T00:00:00.000-04:00",
      "isCustomAssignment": false,
      "isEditedAssignment": false,
      "lastModified": "2018-09-25T19:10:00.000-04:00",
      "letterGrade": "A",
      "markingPeriodId": "462",
      "maxGrade": 100,
      "name": "Understanding check for Mesopotamia p.54-57",
      "percentGrade": 95,
      "status": "GRADED",
      "studentGrade": 95.0
    },
    {
      "assigned": "2018-09-11T00:00:00.000-04:00",
      "category": "Classwork",
      "description": "see posting for Why were our ancestors hunter-gatherers so long? on my google classroom page",
      "due": "2018-09-13T00:00:00.000-04:00",
      "isCustomAssignment": false,
      "isEditedAssignment": false,
      "lastModified": "2018-09-16T11:49:00.000-04:00",
      "letterGrade": "A+",
      "markingPeriodId": "462",
      "maxGrade": 100,
      "name": "Why were our ancestors hunter-gatherers so long?",
      "percentGrade": 100,
      "status": "GRADED",
      "studentGrade": 100.0
    },
    {
      "assigned": "2018-09-10T00:00:00.000-04:00",
      "category": "Homework",
      "description": "see my email with instructions on how to join my google classroom page as well as my class code.",
      "due": "2018-09-11T00:00:00.000-04:00",
      "isCustomAssignment": false,
      "isEditedAssignment": false,
      "lastModified": "2018-09-11T19:23:00.000-04:00",
      "letterGrade": "A+",
      "markingPeriodId": "462",
      "maxGrade": 100,
      "name": "join google classroom",
      "percentGrade": 100,
      "status": "GRADED",
      "studentGrade": 100.0
    },
    {
      "assigned": "2018-09-07T00:00:00.000-04:00",
      "category": "Homework",
      "description": "Make sure your binders have the following:\n1) Labeled with first and last name, Social Studies, color group\n2) four dividers\n3) dividers labeled Syllabus, Assignments, Projects, W.I.P.\n4) Vision Statement in front of binder\n5) Syllabus behind the syllabus divider\n6) notebook paper in front or back of binder",
      "due": "2018-09-10T00:00:00.000-04:00",
      "isCustomAssignment": false,
      "isEditedAssignment": false,
      "lastModified": "2018-09-10T14:18:00.000-04:00",
      "letterGrade": "A+",
      "markingPeriodId": "462",
      "maxGrade": 14,
      "name": "Binder check",
      "percentGrade": 100,
      "status": "GRADED",
      "studentGrade": 14.0
    },
    {
      "assigned": "2018-09-05T00:00:00.000-04:00",
      "category": "Homework",
      "description": "Students need to read and discuss the syllabus with their parents.  If parents have further questions about the syllabus, feel free to email me.  Then parents need to sign the signature page.",
      "due": "2018-09-07T00:00:00.000-04:00",
      "isCustomAssignment": false,
      "isEditedAssignment": false,
      "lastModified": "2018-09-08T14:02:00.000-04:00",
      "letterGrade": "A+",
      "markingPeriodId": "462",
      "maxGrade": 100,
      "name": "Syllabus signature page",
      "percentGrade": 100,
      "status": "GRADED",
      "studentGrade": 100.0
    }
  ],
  "categories": [
    {
      "letterGrade": "A",
      "name": "Classwork",
      "percentGrade": 96,
      "percentWeight": 30
    },
    {
      "letterGrade": "A+",
      "name": "Homework",
      "percentGrade": 100,
      "percentWeight": 25
    },
    {
      "letterGrade": "A+",
      "name": "Participation",
      "percentGrade": 100,
      "percentWeight": 5
    },
    {
      "letterGrade": "A",
      "name": "Tests/Projects",
      "percentGrade": 96,
      "percentWeight": 40
    }
  ],
  "id": "11756",
  "letterGrade": "A+",
  "name": "Course 4",
  "percentGrade": 97,
  "period": "2",
  "teacher": "Teacher 4",
  "currentMarkingPeriod": {
    "id": "462",
    "name": "Sem1GradeBook",
    "selected": true,
    "year": 2018
  },
  "markingPeriodYears": [
    2013,
    2014,
    2015,
    2016,
    2017,
    2018,
    2019
  ],
  "markingPeriods": [
    {
      "id": "462",
      "name": "Sem1GradeBook",
      "selected": true,
      "year": 2018
    },
    {
      "id": "461",
      "name": "Sem2GradeBook",
      "selected": false,
      "year": 2018
    }
  ]
}