{
  "103": ["cava", "director"],
  "106": ["bewley", "admissions"],
  "107": ["golden", "assistant director"],
  "108": ["scheduling", "dean of academics", "dumoski"],
  "109": ["middle school guidance", "m.s. guidance", "o'mahony", "omahony"],
  "110": [],
  "111": ["frisch", "frischknecht"],
  "112": ["senor", "spanish", "lowenthal", "senor lowenthal", "sr lowenthal"],
  "113": ["legault", "geometry"],
  "114": ["red", "red homeroom"],
  "115": ["blue", "green homeroom"],
  "116": ["orange", "orange homeroom"],
  "117": ["yellow", "yellow homeroom"],
  "118": ["green", "green homeroom"],
  "123": [],
  "124": [],
  "128": ["patterson"],
  "129": ["farazdel"],
  "130": ["macmahon"],
  "131": [],
  "133": [],
  "134": ["hytner"],
  "140": ["moser", "office manager", "office mgr"],
  "142": ["computer", "computer lab", "large computer lab", "big computer lab"],
  "143": ["small computer lab", "little computer lab"],
  "144": ["harmon", "fishbowl"],
  "145": ["doyle", "registrar"],
  "146": ["nurse"],
  "147": ["cashin"],
  "148": ["jenkins"],
  "150": ["sockey", "student council", "stuco"],
  "151": ["gousios"],
  "152": ["biafore"],
  "153": [],
  "154": [],
  "155": [],
  "157": ["bio", "biology lab", "bio lab", "rebovich"],
  "158": ["chem", "chem lab", "chemistry lab", "bobbit chem lab", "bobbit chemistry lab", "bobbit lab", "bobbit"],
  "159": ["marsh"],
  "160": ["cooper"],
  "161": [],
  "163": [],
  "175": [],
  "181": ["mrs belley", "ms belley"],
  "182": ["mr belley"],
  "187": [],
  "188": ["caywood", "harbison"],
  "189": [],
  "190": ["art", "art room"],
  "196": ["tarr"],
  "197": ["assembly", "assembly room"],
  "library": [],
  "workshop": ["robotics", "frc", "team phoenix", "phoenix"],
  "front desk": [],
  "front lobby": [],
  "copy area": ["copy machines"],
  "server room 1": ["server room #1", "server rm 1", "server rm #1"],
  "cafeteria": ["cafe", "lunchroom"],
  "school store": [],
  "server room 2": ["server room #2", "server rm 2", "server rm #2"],
  "break room": ["teachers lounge"],
  "humphries lobby": [],
  "humphries conference room": ["humprhies", "humphries conference", "humphrey", "humphrey conference", "humphrey conference room"],
  "awkward triangle": [],
  "jr/sr area": ["jr area", "sr area", "jr sr", "jr/sr", "jr sr area", "junior/senior area", "junior area", "senior area", "junior senior area", "junior/senior", "junior/senior"],
  "business office": ["mrs harmon", "ms harmon", "business"],
  "flight simulator lab": ["flight sim", "flight simulator"],
  "band storage": ["band closet"],
  "student council storage": ["student council closet", "stuco storage", "stuco closet"],
  "loading dock 1": ["loading dock #1"],
  "loading dock 2": ["loading dock #2"],
  "loading dock 3": ["loading dock #3"],
  "loading dock 4": ["loading dock #4"],
  "bathroom": ["restroom", "washroom", "powder room"]
}